#
# Converted from MS Access 2010 Northwind database (northwind.accdb) using
# Bullzip MS Access to MySQL 'version' 5.1.242. http://www.bullzip.com
#
# CHANGES MADE AFTER INITIAL CONVERSION
# * column and row names in CamelCase converted to lower_case_with_underscore
# * space and slash ("/") in table and column names replaced with _underscore_
# * id column names converted to "id"
# * foreign key column names converted to xxx_id
# * variables of type TIMESTAMP converted to DATETIME to avoid TIMESTAMP
#   range limitation (1997 - 2038 UTC), and other limitations.
# * unique and foreign key checks disabled while loading data
#
#------------------------------------------------------------------
#

SET @OLD_UNIQUE_CHECKS=@@UNIQUE_CHECKS, UNIQUE_CHECKS=0;
SET @OLD_FOREIGN_KEY_CHECKS=@@FOREIGN_KEY_CHECKS, FOREIGN_KEY_CHECKS=0;

USE `motivate`;

#
# Dumping data for table 'users'
#

INSERT INTO `users` (`user_id`, `name`, `role`, `email_address`) VALUES (1, 'Riley Miller', 'SystemAdmin', 'riley.miller@example.com');
INSERT INTO `users` (`user_id`, `name`, `role`, `email_address`) VALUES (2, 'Alex Miller', 'Student', 'alex.miller@example.com');
INSERT INTO `users` (`user_id`, `name`, `role`, `email_address`) VALUES (3, 'Morgan Brown', 'Parent', 'morgan.brown@example.com');
INSERT INTO `users` (`user_id`, `name`, `role`, `email_address`) VALUES (4, 'Taylor Taylor', 'SystemAdmin', 'taylor.taylor@example.com');
INSERT INTO `users` (`user_id`, `name`, `role`, `email_address`) VALUES (5, 'Skyler Davis', 'Student', 'skyler.davis@example.com');
INSERT INTO `users` (`user_id`, `name`, `role`, `email_address`) VALUES (6, 'Alex Williams', 'Professor', 'alex.williams@example.com');
INSERT INTO `users` (`user_id`, `name`, `role`, `email_address`) VALUES (7, 'Peyton Williams', 'Parent', 'peyton.williams@example.com');
INSERT INTO `users` (`user_id`, `name`, `role`, `email_address`) VALUES (8, 'Skyler Taylor', 'SystemAdmin', 'skyler.taylor@example.com');
INSERT INTO `users` (`user_id`, `name`, `role`, `email_address`) VALUES (9, 'Riley Davis', 'SystemAdmin', 'riley.davis@example.com');
INSERT INTO `users` (`user_id`, `name`, `role`, `email_address`) VALUES (10, 'Skyler Johnson', 'Parent', 'skyler.johnson@example.com');
INSERT INTO `users` (`user_id`, `name`, `role`, `email_address`) VALUES (11, 'Taylor Moore', 'Parent', 'taylor.moore@example.com');
INSERT INTO `users` (`user_id`, `name`, `role`, `email_address`) VALUES (12, 'Peyton Moore', 'Student', 'peyton.moore@example.com');
INSERT INTO `users` (`user_id`, `name`, `role`, `email_address`) VALUES (13, 'Quinn Wilson', 'Professor', 'quinn.wilson@example.com');
INSERT INTO `users` (`user_id`, `name`, `role`, `email_address`) VALUES (14, 'Taylor Davis', 'Parent', 'taylor.davis@example.com');
INSERT INTO `users` (`user_id`, `name`, `role`, `email_address`) VALUES (15, 'Quinn Taylor', 'SystemAdmin', 'quinn.taylor@example.com');
INSERT INTO `users` (`user_id`, `name`, `role`, `email_address`) VALUES (16, 'Taylor Jones', 'SystemAdmin', 'taylor.jones@example.com');
INSERT INTO `users` (`user_id`, `name`, `role`, `email_address`) VALUES (17, 'Riley Taylor', 'Parent', 'riley.taylor@example.com');
INSERT INTO `users` (`user_id`, `name`, `role`, `email_address`) VALUES (18, 'Riley Jones', 'Professor', 'riley.jones@example.com');
INSERT INTO `users` (`user_id`, `name`, `role`, `email_address`) VALUES (19, 'Jordan Davis', 'Student', 'jordan.davis@example.com');
INSERT INTO `users` (`user_id`, `name`, `role`, `email_address`) VALUES (20, 'Avery Williams', 'Professor', 'avery.williams@example.com');
INSERT INTO `users` (`user_id`, `name`, `role`, `email_address`) VALUES (21, 'Peyton Jones', 'Student', 'peyton.jones@example.com');
INSERT INTO `users` (`user_id`, `name`, `role`, `email_address`) VALUES (22, 'Skyler Davis', 'Student', 'skyler.davis@example.com');
INSERT INTO `users` (`user_id`, `name`, `role`, `email_address`) VALUES (23, 'Morgan Wilson', 'SystemAdmin', 'morgan.wilson@example.com');
INSERT INTO `users` (`user_id`, `name`, `role`, `email_address`) VALUES (24, 'Avery Wilson', 'Student', 'avery.wilson@example.com');
INSERT INTO `users` (`user_id`, `name`, `role`, `email_address`) VALUES (25, 'Taylor Taylor', 'SystemAdmin', 'taylor.taylor@example.com');
INSERT INTO `users` (`user_id`, `name`, `role`, `email_address`) VALUES (26, 'Casey Brown', 'Professor', 'casey.brown@example.com');
INSERT INTO `users` (`user_id`, `name`, `role`, `email_address`) VALUES (27, 'Riley Brown', 'SystemAdmin', 'riley.brown@example.com');
INSERT INTO `users` (`user_id`, `name`, `role`, `email_address`) VALUES (28, 'Avery Brown', 'SystemAdmin', 'avery.brown@example.com');
INSERT INTO `users` (`user_id`, `name`, `role`, `email_address`) VALUES (29, 'Alex Williams', 'Student', 'alex.williams@example.com');
INSERT INTO `users` (`user_id`, `name`, `role`, `email_address`) VALUES (30, 'Casey Moore', 'SystemAdmin', 'casey.moore@example.com');
INSERT INTO `users` (`user_id`, `name`, `role`, `email_address`) VALUES (31, 'Quinn Wilson', 'SystemAdmin', 'quinn.wilson@example.com');
INSERT INTO `users` (`user_id`, `name`, `role`, `email_address`) VALUES (32, 'Casey Davis', 'SystemAdmin', 'casey.davis@example.com');
INSERT INTO `users` (`user_id`, `name`, `role`, `email_address`) VALUES (33, 'Riley Taylor', 'Parent', 'riley.taylor@example.com');
INSERT INTO `users` (`user_id`, `name`, `role`, `email_address`) VALUES (34, 'Morgan Williams', 'Student', 'morgan.williams@example.com');
INSERT INTO `users` (`user_id`, `name`, `role`, `email_address`) VALUES (35, 'Avery Smith', 'Professor', 'avery.smith@example.com');
INSERT INTO `users` (`user_id`, `name`, `role`, `email_address`) VALUES (36, 'Alex Taylor', 'Professor', 'alex.taylor@example.com');
INSERT INTO `users` (`user_id`, `name`, `role`, `email_address`) VALUES (37, 'Alex Miller', 'Student', 'alex.miller@example.com');
INSERT INTO `users` (`user_id`, `name`, `role`, `email_address`) VALUES (38, 'Quinn Jones', 'Parent', 'quinn.jones@example.com');
INSERT INTO `users` (`user_id`, `name`, `role`, `email_address`) VALUES (39, 'Alex Wilson', 'SystemAdmin', 'alex.wilson@example.com');
INSERT INTO `users` (`user_id`, `name`, `role`, `email_address`) VALUES (40, 'Avery Taylor', 'Student', 'avery.taylor@example.com');
INSERT INTO `users` (`user_id`, `name`, `role`, `email_address`) VALUES (41, 'Jordan Moore', 'SystemAdmin', 'jordan.moore@example.com');
INSERT INTO `users` (`user_id`, `name`, `role`, `email_address`) VALUES (42, 'Avery Smith', 'Student', 'avery.smith@example.com');
INSERT INTO `users` (`user_id`, `name`, `role`, `email_address`) VALUES (43, 'Quinn Williams', 'Parent', 'quinn.williams@example.com');
INSERT INTO `users` (`user_id`, `name`, `role`, `email_address`) VALUES (44, 'Casey Moore', 'Student', 'casey.moore@example.com');
INSERT INTO `users` (`user_id`, `name`, `role`, `email_address`) VALUES (45, 'Taylor Miller', 'Parent', 'taylor.miller@example.com');
INSERT INTO `users` (`user_id`, `name`, `role`, `email_address`) VALUES (46, 'Alex Wilson', 'Professor', 'alex.wilson@example.com');
INSERT INTO `users` (`user_id`, `name`, `role`, `email_address`) VALUES (47, 'Peyton Taylor', 'Professor', 'peyton.taylor@example.com');
INSERT INTO `users` (`user_id`, `name`, `role`, `email_address`) VALUES (48, 'Jordan Williams', 'Professor', 'jordan.williams@example.com');
INSERT INTO `users` (`user_id`, `name`, `role`, `email_address`) VALUES (49, 'Peyton Brown', 'SystemAdmin', 'peyton.brown@example.com');
INSERT INTO `users` (`user_id`, `name`, `role`, `email_address`) VALUES (50, 'Alex Smith', 'SystemAdmin', 'alex.smith@example.com');
INSERT INTO `users` (`user_id`, `name`, `role`, `email_address`) VALUES (51, 'Quinn Jones', 'Parent', 'quinn.jones@example.com');
INSERT INTO `users` (`user_id`, `name`, `role`, `email_address`) VALUES (52, 'Alex Smith', 'Professor', 'alex.smith@example.com');
INSERT INTO `users` (`user_id`, `name`, `role`, `email_address`) VALUES (53, 'Alex Davis', 'Student', 'alex.davis@example.com');
INSERT INTO `users` (`user_id`, `name`, `role`, `email_address`) VALUES (54, 'Peyton Taylor', 'Parent', 'peyton.taylor@example.com');
INSERT INTO `users` (`user_id`, `name`, `role`, `email_address`) VALUES (55, 'Jordan Moore', 'Student', 'jordan.moore@example.com');
INSERT INTO `users` (`user_id`, `name`, `role`, `email_address`) VALUES (56, 'Riley Davis', 'Student', 'riley.davis@example.com');
INSERT INTO `users` (`user_id`, `name`, `role`, `email_address`) VALUES (57, 'Peyton Brown', 'Student', 'peyton.brown@example.com');
INSERT INTO `users` (`user_id`, `name`, `role`, `email_address`) VALUES (58, 'Taylor Moore', 'Student', 'taylor.moore@example.com');
INSERT INTO `users` (`user_id`, `name`, `role`, `email_address`) VALUES (59, 'Morgan Jones', 'SystemAdmin', 'morgan.jones@example.com');
INSERT INTO `users` (`user_id`, `name`, `role`, `email_address`) VALUES (60, 'Casey Brown', 'Student', 'casey.brown@example.com');
INSERT INTO `users` (`user_id`, `name`, `role`, `email_address`) VALUES (61, 'Morgan Johnson', 'SystemAdmin', 'morgan.johnson@example.com');
INSERT INTO `users` (`user_id`, `name`, `role`, `email_address`) VALUES (62, 'Alex Jones', 'SystemAdmin', 'alex.jones@example.com');
INSERT INTO `users` (`user_id`, `name`, `role`, `email_address`) VALUES (63, 'Riley Miller', 'Professor', 'riley.miller@example.com');
INSERT INTO `users` (`user_id`, `name`, `role`, `email_address`) VALUES (64, 'Morgan Taylor', 'Student', 'morgan.taylor@example.com');
INSERT INTO `users` (`user_id`, `name`, `role`, `email_address`) VALUES (65, 'Quinn Johnson', 'Parent', 'quinn.johnson@example.com');
INSERT INTO `users` (`user_id`, `name`, `role`, `email_address`) VALUES (66, 'Skyler Brown', 'SystemAdmin', 'skyler.brown@example.com');
INSERT INTO `users` (`user_id`, `name`, `role`, `email_address`) VALUES (67, 'Avery Williams', 'SystemAdmin', 'avery.williams@example.com');
INSERT INTO `users` (`user_id`, `name`, `role`, `email_address`) VALUES (68, 'Morgan Taylor', 'Student', 'morgan.taylor@example.com');
INSERT INTO `users` (`user_id`, `name`, `role`, `email_address`) VALUES (69, 'Jordan Johnson', 'Parent', 'jordan.johnson@example.com');
INSERT INTO `users` (`user_id`, `name`, `role`, `email_address`) VALUES (70, 'Riley Smith', 'SystemAdmin', 'riley.smith@example.com');
INSERT INTO `users` (`user_id`, `name`, `role`, `email_address`) VALUES (71, 'Avery Wilson', 'Professor', 'avery.wilson@example.com');
INSERT INTO `users` (`user_id`, `name`, `role`, `email_address`) VALUES (72, 'Avery Johnson', 'SystemAdmin', 'avery.johnson@example.com');
INSERT INTO `users` (`user_id`, `name`, `role`, `email_address`) VALUES (73, 'Alex Smith', 'Student', 'alex.smith@example.com');
INSERT INTO `users` (`user_id`, `name`, `role`, `email_address`) VALUES (74, 'Quinn Smith', 'SystemAdmin', 'quinn.smith@example.com');
INSERT INTO `users` (`user_id`, `name`, `role`, `email_address`) VALUES (75, 'Alex Williams', 'Student', 'alex.williams@example.com');
INSERT INTO `users` (`user_id`, `name`, `role`, `email_address`) VALUES (76, 'Casey Brown', 'Parent', 'casey.brown@example.com');
INSERT INTO `users` (`user_id`, `name`, `role`, `email_address`) VALUES (77, 'Avery Davis', 'Parent', 'avery.davis@example.com');
INSERT INTO `users` (`user_id`, `name`, `role`, `email_address`) VALUES (78, 'Casey Moore', 'Professor', 'casey.moore@example.com');
INSERT INTO `users` (`user_id`, `name`, `role`, `email_address`) VALUES (79, 'Peyton Brown', 'SystemAdmin', 'peyton.brown@example.com');
INSERT INTO `users` (`user_id`, `name`, `role`, `email_address`) VALUES (80, 'Jordan Brown', 'Professor', 'jordan.brown@example.com');
INSERT INTO `users` (`user_id`, `name`, `role`, `email_address`) VALUES (81, 'Morgan Miller', 'Professor', 'morgan.miller@example.com');
INSERT INTO `users` (`user_id`, `name`, `role`, `email_address`) VALUES (82, 'Taylor Taylor', 'SystemAdmin', 'taylor.taylor@example.com');
INSERT INTO `users` (`user_id`, `name`, `role`, `email_address`) VALUES (83, 'Skyler Miller', 'Professor', 'skyler.miller@example.com');
INSERT INTO `users` (`user_id`, `name`, `role`, `email_address`) VALUES (84, 'Jordan Johnson', 'SystemAdmin', 'jordan.johnson@example.com');
INSERT INTO `users` (`user_id`, `name`, `role`, `email_address`) VALUES (85, 'Casey Davis', 'Professor', 'casey.davis@example.com');
INSERT INTO `users` (`user_id`, `name`, `role`, `email_address`) VALUES (86, 'Alex Moore', 'SystemAdmin', 'alex.moore@example.com');
INSERT INTO `users` (`user_id`, `name`, `role`, `email_address`) VALUES (87, 'Riley Wilson', 'Professor', 'riley.wilson@example.com');
INSERT INTO `users` (`user_id`, `name`, `role`, `email_address`) VALUES (88, 'Casey Smith', 'Student', 'casey.smith@example.com');
INSERT INTO `users` (`user_id`, `name`, `role`, `email_address`) VALUES (89, 'Alex Johnson', 'Parent', 'alex.johnson@example.com');
INSERT INTO `users` (`user_id`, `name`, `role`, `email_address`) VALUES (90, 'Quinn Taylor', 'Professor', 'quinn.taylor@example.com');
INSERT INTO `users` (`user_id`, `name`, `role`, `email_address`) VALUES (91, 'Casey Johnson', 'SystemAdmin', 'casey.johnson@example.com');
INSERT INTO `users` (`user_id`, `name`, `role`, `email_address`) VALUES (92, 'Casey Brown', 'Professor', 'casey.brown@example.com');
INSERT INTO `users` (`user_id`, `name`, `role`, `email_address`) VALUES (93, 'Casey Wilson', 'Professor', 'casey.wilson@example.com');
INSERT INTO `users` (`user_id`, `name`, `role`, `email_address`) VALUES (94, 'Alex Johnson', 'Professor', 'alex.johnson@example.com');
INSERT INTO `users` (`user_id`, `name`, `role`, `email_address`) VALUES (95, 'Morgan Taylor', 'Student', 'morgan.taylor@example.com');
INSERT INTO `users` (`user_id`, `name`, `role`, `email_address`) VALUES (96, 'Peyton Johnson', 'SystemAdmin', 'peyton.johnson@example.com');
INSERT INTO `users` (`user_id`, `name`, `role`, `email_address`) VALUES (97, 'Jordan Moore', 'SystemAdmin', 'jordan.moore@example.com');
INSERT INTO `users` (`user_id`, `name`, `role`, `email_address`) VALUES (98, 'Jordan Davis', 'Parent', 'jordan.davis@example.com');
INSERT INTO `users` (`user_id`, `name`, `role`, `email_address`) VALUES (99, 'Peyton Taylor', 'Professor', 'peyton.taylor@example.com');
INSERT INTO `users` (`user_id`, `name`, `role`, `email_address`) VALUES (100, 'Jordan Moore', 'SystemAdmin', 'jordan.moore@example.com');
INSERT INTO `users` (`user_id`, `name`, `role`, `email_address`) VALUES (101, 'Peyton Moore', 'Professor', 'peyton.moore@example.com');
INSERT INTO `users` (`user_id`, `name`, `role`, `email_address`) VALUES (102, 'Casey Davis', 'Student', 'casey.davis@example.com');
INSERT INTO `users` (`user_id`, `name`, `role`, `email_address`) VALUES (103, 'Peyton Davis', 'Professor', 'peyton.davis@example.com');
INSERT INTO `users` (`user_id`, `name`, `role`, `email_address`) VALUES (104, 'Avery Davis', 'Professor', 'avery.davis@example.com');
INSERT INTO `users` (`user_id`, `name`, `role`, `email_address`) VALUES (105, 'Peyton Wilson', 'Professor', 'peyton.wilson@example.com');
INSERT INTO `users` (`user_id`, `name`, `role`, `email_address`) VALUES (106, 'Alex Moore', 'Parent', 'alex.moore@example.com');
INSERT INTO `users` (`user_id`, `name`, `role`, `email_address`) VALUES (107, 'Avery Moore', 'Student', 'avery.moore@example.com');
INSERT INTO `users` (`user_id`, `name`, `role`, `email_address`) VALUES (108, 'Skyler Miller', 'SystemAdmin', 'skyler.miller@example.com');
INSERT INTO `users` (`user_id`, `name`, `role`, `email_address`) VALUES (109, 'Riley Brown', 'Student', 'riley.brown@example.com');
INSERT INTO `users` (`user_id`, `name`, `role`, `email_address`) VALUES (110, 'Taylor Smith', 'Parent', 'taylor.smith@example.com');
INSERT INTO `users` (`user_id`, `name`, `role`, `email_address`) VALUES (111, 'Riley Miller', 'Professor', 'riley.miller@example.com');
INSERT INTO `users` (`user_id`, `name`, `role`, `email_address`) VALUES (112, 'Jordan Taylor', 'SystemAdmin', 'jordan.taylor@example.com');
INSERT INTO `users` (`user_id`, `name`, `role`, `email_address`) VALUES (113, 'Skyler Johnson', 'Student', 'skyler.johnson@example.com');
INSERT INTO `users` (`user_id`, `name`, `role`, `email_address`) VALUES (114, 'Skyler Johnson', 'Professor', 'skyler.johnson@example.com');
INSERT INTO `users` (`user_id`, `name`, `role`, `email_address`) VALUES (115, 'Riley Johnson', 'SystemAdmin', 'riley.johnson@example.com');
INSERT INTO `users` (`user_id`, `name`, `role`, `email_address`) VALUES (116, 'Skyler Jones', 'Student', 'skyler.jones@example.com');
INSERT INTO `users` (`user_id`, `name`, `role`, `email_address`) VALUES (117, 'Alex Wilson', 'Professor', 'alex.wilson@example.com');
INSERT INTO `users` (`user_id`, `name`, `role`, `email_address`) VALUES (118, 'Morgan Miller', 'Student', 'morgan.miller@example.com');
INSERT INTO `users` (`user_id`, `name`, `role`, `email_address`) VALUES (119, 'Morgan Johnson', 'Parent', 'morgan.johnson@example.com');
INSERT INTO `users` (`user_id`, `name`, `role`, `email_address`) VALUES (120, 'Alex Jones', 'Professor', 'alex.jones@example.com');
INSERT INTO `users` (`user_id`, `name`, `role`, `email_address`) VALUES (121, 'Casey Jones', 'Professor', 'casey.jones@example.com');
INSERT INTO `users` (`user_id`, `name`, `role`, `email_address`) VALUES (122, 'Alex Miller', 'SystemAdmin', 'alex.miller@example.com');
INSERT INTO `users` (`user_id`, `name`, `role`, `email_address`) VALUES (123, 'Skyler Jones', 'Student', 'skyler.jones@example.com');
INSERT INTO `users` (`user_id`, `name`, `role`, `email_address`) VALUES (124, 'Skyler Jones', 'Professor', 'skyler.jones@example.com');
INSERT INTO `users` (`user_id`, `name`, `role`, `email_address`) VALUES (125, 'Morgan Davis', 'SystemAdmin', 'morgan.davis@example.com');
INSERT INTO `users` (`user_id`, `name`, `role`, `email_address`) VALUES (126, 'Jordan Brown', 'Parent', 'jordan.brown@example.com');
INSERT INTO `users` (`user_id`, `name`, `role`, `email_address`) VALUES (127, 'Avery Wilson', 'SystemAdmin', 'avery.wilson@example.com');
INSERT INTO `users` (`user_id`, `name`, `role`, `email_address`) VALUES (128, 'Alex Williams', 'Professor', 'alex.williams@example.com');
INSERT INTO `users` (`user_id`, `name`, `role`, `email_address`) VALUES (129, 'Taylor Johnson', 'SystemAdmin', 'taylor.johnson@example.com');
INSERT INTO `users` (`user_id`, `name`, `role`, `email_address`) VALUES (130, 'Skyler Moore', 'SystemAdmin', 'skyler.moore@example.com');
INSERT INTO `users` (`user_id`, `name`, `role`, `email_address`) VALUES (131, 'Quinn Moore', 'Parent', 'quinn.moore@example.com');
INSERT INTO `users` (`user_id`, `name`, `role`, `email_address`) VALUES (132, 'Quinn Johnson', 'Professor', 'quinn.johnson@example.com');
INSERT INTO `users` (`user_id`, `name`, `role`, `email_address`) VALUES (133, 'Avery Johnson', 'Student', 'avery.johnson@example.com');
INSERT INTO `users` (`user_id`, `name`, `role`, `email_address`) VALUES (134, 'Taylor Brown', 'Professor', 'taylor.brown@example.com');
INSERT INTO `users` (`user_id`, `name`, `role`, `email_address`) VALUES (135, 'Riley Miller', 'Professor', 'riley.miller@example.com');
INSERT INTO `users` (`user_id`, `name`, `role`, `email_address`) VALUES (136, 'Alex Taylor', 'SystemAdmin', 'alex.taylor@example.com');
INSERT INTO `users` (`user_id`, `name`, `role`, `email_address`) VALUES (137, 'Alex Taylor', 'Student', 'alex.taylor@example.com');
INSERT INTO `users` (`user_id`, `name`, `role`, `email_address`) VALUES (138, 'Morgan Smith', 'SystemAdmin', 'morgan.smith@example.com');
INSERT INTO `users` (`user_id`, `name`, `role`, `email_address`) VALUES (139, 'Taylor Taylor', 'SystemAdmin', 'taylor.taylor@example.com');
INSERT INTO `users` (`user_id`, `name`, `role`, `email_address`) VALUES (140, 'Avery Smith', 'Student', 'avery.smith@example.com');
INSERT INTO `users` (`user_id`, `name`, `role`, `email_address`) VALUES (141, 'Taylor Miller', 'Student', 'taylor.miller@example.com');
INSERT INTO `users` (`user_id`, `name`, `role`, `email_address`) VALUES (142, 'Taylor Taylor', 'Student', 'taylor.taylor@example.com');
INSERT INTO `users` (`user_id`, `name`, `role`, `email_address`) VALUES (143, 'Jordan Wilson', 'Student', 'jordan.wilson@example.com');
INSERT INTO `users` (`user_id`, `name`, `role`, `email_address`) VALUES (144, 'Morgan Wilson', 'Parent', 'morgan.wilson@example.com');
INSERT INTO `users` (`user_id`, `name`, `role`, `email_address`) VALUES (145, 'Morgan Moore', 'Student', 'morgan.moore@example.com');
INSERT INTO `users` (`user_id`, `name`, `role`, `email_address`) VALUES (146, 'Skyler Jones', 'Parent', 'skyler.jones@example.com');
INSERT INTO `users` (`user_id`, `name`, `role`, `email_address`) VALUES (147, 'Morgan Taylor', 'SystemAdmin', 'morgan.taylor@example.com');
INSERT INTO `users` (`user_id`, `name`, `role`, `email_address`) VALUES (148, 'Avery Moore', 'SystemAdmin', 'avery.moore@example.com');
INSERT INTO `users` (`user_id`, `name`, `role`, `email_address`) VALUES (149, 'Morgan Wilson', 'Student', 'morgan.wilson@example.com');
INSERT INTO `users` (`user_id`, `name`, `role`, `email_address`) VALUES (150, 'Avery Smith', 'Professor', 'avery.smith@example.com');
INSERT INTO `users` (`user_id`, `name`, `role`, `email_address`) VALUES (151, 'Alex Miller', 'Professor', 'alex.miller@example.com');
INSERT INTO `users` (`user_id`, `name`, `role`, `email_address`) VALUES (152, 'Peyton Taylor', 'Professor', 'peyton.taylor@example.com');
INSERT INTO `users` (`user_id`, `name`, `role`, `email_address`) VALUES (153, 'Skyler Smith', 'Professor', 'skyler.smith@example.com');
INSERT INTO `users` (`user_id`, `name`, `role`, `email_address`) VALUES (154, 'Casey Davis', 'Student', 'casey.davis@example.com');
INSERT INTO `users` (`user_id`, `name`, `role`, `email_address`) VALUES (155, 'Riley Davis', 'Professor', 'riley.davis@example.com');
INSERT INTO `users` (`user_id`, `name`, `role`, `email_address`) VALUES (156, 'Alex Smith', 'Professor', 'alex.smith@example.com');
INSERT INTO `users` (`user_id`, `name`, `role`, `email_address`) VALUES (157, 'Jordan Miller', 'Student', 'jordan.miller@example.com');
INSERT INTO `users` (`user_id`, `name`, `role`, `email_address`) VALUES (158, 'Alex Johnson', 'Professor', 'alex.johnson@example.com');
INSERT INTO `users` (`user_id`, `name`, `role`, `email_address`) VALUES (159, 'Peyton Johnson', 'SystemAdmin', 'peyton.johnson@example.com');
INSERT INTO `users` (`user_id`, `name`, `role`, `email_address`) VALUES (160, 'Avery Brown', 'Parent', 'avery.brown@example.com');
INSERT INTO `users` (`user_id`, `name`, `role`, `email_address`) VALUES (161, 'Peyton Davis', 'Parent', 'peyton.davis@example.com');
INSERT INTO `users` (`user_id`, `name`, `role`, `email_address`) VALUES (162, 'Peyton Johnson', 'Student', 'peyton.johnson@example.com');
INSERT INTO `users` (`user_id`, `name`, `role`, `email_address`) VALUES (163, 'Morgan Williams', 'Professor', 'morgan.williams@example.com');
INSERT INTO `users` (`user_id`, `name`, `role`, `email_address`) VALUES (164, 'Riley Taylor', 'SystemAdmin', 'riley.taylor@example.com');
INSERT INTO `users` (`user_id`, `name`, `role`, `email_address`) VALUES (165, 'Jordan Taylor', 'Parent', 'jordan.taylor@example.com');
INSERT INTO `users` (`user_id`, `name`, `role`, `email_address`) VALUES (166, 'Quinn Smith', 'Parent', 'quinn.smith@example.com');
INSERT INTO `users` (`user_id`, `name`, `role`, `email_address`) VALUES (167, 'Alex Smith', 'SystemAdmin', 'alex.smith@example.com');
INSERT INTO `users` (`user_id`, `name`, `role`, `email_address`) VALUES (168, 'Taylor Davis', 'Professor', 'taylor.davis@example.com');
INSERT INTO `users` (`user_id`, `name`, `role`, `email_address`) VALUES (169, 'Taylor Jones', 'Student', 'taylor.jones@example.com');
INSERT INTO `users` (`user_id`, `name`, `role`, `email_address`) VALUES (170, 'Quinn Brown', 'Parent', 'quinn.brown@example.com');
INSERT INTO `users` (`user_id`, `name`, `role`, `email_address`) VALUES (171, 'Alex Davis', 'Student', 'alex.davis@example.com');
INSERT INTO `users` (`user_id`, `name`, `role`, `email_address`) VALUES (172, 'Quinn Johnson', 'SystemAdmin', 'quinn.johnson@example.com');
INSERT INTO `users` (`user_id`, `name`, `role`, `email_address`) VALUES (173, 'Casey Wilson', 'Student', 'casey.wilson@example.com');
INSERT INTO `users` (`user_id`, `name`, `role`, `email_address`) VALUES (174, 'Taylor Brown', 'Parent', 'taylor.brown@example.com');
INSERT INTO `users` (`user_id`, `name`, `role`, `email_address`) VALUES (175, 'Riley Miller', 'Student', 'riley.miller@example.com');
INSERT INTO `users` (`user_id`, `name`, `role`, `email_address`) VALUES (176, 'Skyler Moore', 'Student', 'skyler.moore@example.com');
INSERT INTO `users` (`user_id`, `name`, `role`, `email_address`) VALUES (177, 'Peyton Davis', 'Professor', 'peyton.davis@example.com');
INSERT INTO `users` (`user_id`, `name`, `role`, `email_address`) VALUES (178, 'Morgan Brown', 'Professor', 'morgan.brown@example.com');
INSERT INTO `users` (`user_id`, `name`, `role`, `email_address`) VALUES (179, 'Riley Williams', 'Student', 'riley.williams@example.com');
INSERT INTO `users` (`user_id`, `name`, `role`, `email_address`) VALUES (180, 'Jordan Williams', 'SystemAdmin', 'jordan.williams@example.com');
INSERT INTO `users` (`user_id`, `name`, `role`, `email_address`) VALUES (181, 'Morgan Johnson', 'SystemAdmin', 'morgan.johnson@example.com');
INSERT INTO `users` (`user_id`, `name`, `role`, `email_address`) VALUES (182, 'Quinn Davis', 'Parent', 'quinn.davis@example.com');
INSERT INTO `users` (`user_id`, `name`, `role`, `email_address`) VALUES (183, 'Riley Davis', 'SystemAdmin', 'riley.davis@example.com');
INSERT INTO `users` (`user_id`, `name`, `role`, `email_address`) VALUES (184, 'Peyton Moore', 'SystemAdmin', 'peyton.moore@example.com');
INSERT INTO `users` (`user_id`, `name`, `role`, `email_address`) VALUES (185, 'Quinn Smith', 'Professor', 'quinn.smith@example.com');
INSERT INTO `users` (`user_id`, `name`, `role`, `email_address`) VALUES (186, 'Avery Miller', 'Parent', 'avery.miller@example.com');
INSERT INTO `users` (`user_id`, `name`, `role`, `email_address`) VALUES (187, 'Taylor Jones', 'Professor', 'taylor.jones@example.com');
INSERT INTO `users` (`user_id`, `name`, `role`, `email_address`) VALUES (188, 'Quinn Williams', 'Student', 'quinn.williams@example.com');
INSERT INTO `users` (`user_id`, `name`, `role`, `email_address`) VALUES (189, 'Morgan Wilson', 'Parent', 'morgan.wilson@example.com');
INSERT INTO `users` (`user_id`, `name`, `role`, `email_address`) VALUES (190, 'Quinn Wilson', 'Professor', 'quinn.wilson@example.com');
INSERT INTO `users` (`user_id`, `name`, `role`, `email_address`) VALUES (191, 'Skyler Miller', 'SystemAdmin', 'skyler.miller@example.com');
INSERT INTO `users` (`user_id`, `name`, `role`, `email_address`) VALUES (192, 'Jordan Brown', 'Parent', 'jordan.brown@example.com');
INSERT INTO `users` (`user_id`, `name`, `role`, `email_address`) VALUES (193, 'Quinn Davis', 'Student', 'quinn.davis@example.com');
INSERT INTO `users` (`user_id`, `name`, `role`, `email_address`) VALUES (194, 'Skyler Brown', 'Student', 'skyler.brown@example.com');
INSERT INTO `users` (`user_id`, `name`, `role`, `email_address`) VALUES (195, 'Taylor Smith', 'Student', 'taylor.smith@example.com');
INSERT INTO `users` (`user_id`, `name`, `role`, `email_address`) VALUES (196, 'Skyler Davis', 'Student', 'skyler.davis@example.com');
INSERT INTO `users` (`user_id`, `name`, `role`, `email_address`) VALUES (197, 'Avery Miller', 'Parent', 'avery.miller@example.com');
INSERT INTO `users` (`user_id`, `name`, `role`, `email_address`) VALUES (198, 'Skyler Jones', 'Student', 'skyler.jones@example.com');
INSERT INTO `users` (`user_id`, `name`, `role`, `email_address`) VALUES (199, 'Alex Johnson', 'Student', 'alex.johnson@example.com');
INSERT INTO `users` (`user_id`, `name`, `role`, `email_address`) VALUES (200, 'Quinn Smith', 'Professor', 'quinn.smith@example.com');

#
# Dumping data for table 'professors'
#

INSERT INTO `professors` (`user_id`, `department`, `name`) VALUES (6, 'Department of Williams', 'Alex Williams');
INSERT INTO `professors` (`user_id`, `department`, `name`) VALUES (13, 'Department of Wilson', 'Quinn Wilson');
INSERT INTO `professors` (`user_id`, `department`, `name`) VALUES (18, 'Department of Jones', 'Riley Jones');
INSERT INTO `professors` (`user_id`, `department`, `name`) VALUES (20, 'Department of Williams', 'Avery Williams');
INSERT INTO `professors` (`user_id`, `department`, `name`) VALUES (26, 'Department of Brown', 'Casey Brown');
INSERT INTO `professors` (`user_id`, `department`, `name`) VALUES (35, 'Department of Smith', 'Avery Smith');
INSERT INTO `professors` (`user_id`, `department`, `name`) VALUES (36, 'Department of Taylor', 'Alex Taylor');
INSERT INTO `professors` (`user_id`, `department`, `name`) VALUES (46, 'Department of Wilson', 'Alex Wilson');
INSERT INTO `professors` (`user_id`, `department`, `name`) VALUES (47, 'Department of Taylor', 'Peyton Taylor');
INSERT INTO `professors` (`user_id`, `department`, `name`) VALUES (48, 'Department of Williams', 'Jordan Williams');
INSERT INTO `professors` (`user_id`, `department`, `name`) VALUES (52, 'Department of Smith', 'Alex Smith');
INSERT INTO `professors` (`user_id`, `department`, `name`) VALUES (63, 'Department of Miller', 'Riley Miller');
INSERT INTO `professors` (`user_id`, `department`, `name`) VALUES (71, 'Department of Wilson', 'Avery Wilson');
INSERT INTO `professors` (`user_id`, `department`, `name`) VALUES (78, 'Department of Moore', 'Casey Moore');
INSERT INTO `professors` (`user_id`, `department`, `name`) VALUES (80, 'Department of Brown', 'Jordan Brown');
INSERT INTO `professors` (`user_id`, `department`, `name`) VALUES (81, 'Department of Miller', 'Morgan Miller');
INSERT INTO `professors` (`user_id`, `department`, `name`) VALUES (83, 'Department of Miller', 'Skyler Miller');
INSERT INTO `professors` (`user_id`, `department`, `name`) VALUES (85, 'Department of Davis', 'Casey Davis');
INSERT INTO `professors` (`user_id`, `department`, `name`) VALUES (87, 'Department of Wilson', 'Riley Wilson');
INSERT INTO `professors` (`user_id`, `department`, `name`) VALUES (90, 'Department of Taylor', 'Quinn Taylor');
INSERT INTO `professors` (`user_id`, `department`, `name`) VALUES (92, 'Department of Brown', 'Casey Brown');
INSERT INTO `professors` (`user_id`, `department`, `name`) VALUES (93, 'Department of Wilson', 'Casey Wilson');
INSERT INTO `professors` (`user_id`, `department`, `name`) VALUES (94, 'Department of Johnson', 'Alex Johnson');
INSERT INTO `professors` (`user_id`, `department`, `name`) VALUES (99, 'Department of Taylor', 'Peyton Taylor');
INSERT INTO `professors` (`user_id`, `department`, `name`) VALUES (101, 'Department of Moore', 'Peyton Moore');
INSERT INTO `professors` (`user_id`, `department`, `name`) VALUES (103, 'Department of Davis', 'Peyton Davis');
INSERT INTO `professors` (`user_id`, `department`, `name`) VALUES (104, 'Department of Davis', 'Avery Davis');
INSERT INTO `professors` (`user_id`, `department`, `name`) VALUES (105, 'Department of Wilson', 'Peyton Wilson');
INSERT INTO `professors` (`user_id`, `department`, `name`) VALUES (111, 'Department of Miller', 'Riley Miller');
INSERT INTO `professors` (`user_id`, `department`, `name`) VALUES (114, 'Department of Johnson', 'Skyler Johnson');
INSERT INTO `professors` (`user_id`, `department`, `name`) VALUES (117, 'Department of Wilson', 'Alex Wilson');
INSERT INTO `professors` (`user_id`, `department`, `name`) VALUES (120, 'Department of Jones', 'Alex Jones');
INSERT INTO `professors` (`user_id`, `department`, `name`) VALUES (121, 'Department of Jones', 'Casey Jones');
INSERT INTO `professors` (`user_id`, `department`, `name`) VALUES (124, 'Department of Jones', 'Skyler Jones');
INSERT INTO `professors` (`user_id`, `department`, `name`) VALUES (128, 'Department of Williams', 'Alex Williams');
INSERT INTO `professors` (`user_id`, `department`, `name`) VALUES (132, 'Department of Johnson', 'Quinn Johnson');
INSERT INTO `professors` (`user_id`, `department`, `name`) VALUES (134, 'Department of Brown', 'Taylor Brown');
INSERT INTO `professors` (`user_id`, `department`, `name`) VALUES (135, 'Department of Miller', 'Riley Miller');
INSERT INTO `professors` (`user_id`, `department`, `name`) VALUES (150, 'Department of Smith', 'Avery Smith');
INSERT INTO `professors` (`user_id`, `department`, `name`) VALUES (151, 'Department of Miller', 'Alex Miller');
INSERT INTO `professors` (`user_id`, `department`, `name`) VALUES (152, 'Department of Taylor', 'Peyton Taylor');
INSERT INTO `professors` (`user_id`, `department`, `name`) VALUES (153, 'Department of Smith', 'Skyler Smith');
INSERT INTO `professors` (`user_id`, `department`, `name`) VALUES (155, 'Department of Davis', 'Riley Davis');
INSERT INTO `professors` (`user_id`, `department`, `name`) VALUES (156, 'Department of Smith', 'Alex Smith');
INSERT INTO `professors` (`user_id`, `department`, `name`) VALUES (158, 'Department of Johnson', 'Alex Johnson');
INSERT INTO `professors` (`user_id`, `department`, `name`) VALUES (163, 'Department of Williams', 'Morgan Williams');
INSERT INTO `professors` (`user_id`, `department`, `name`) VALUES (168, 'Department of Davis', 'Taylor Davis');
INSERT INTO `professors` (`user_id`, `department`, `name`) VALUES (177, 'Department of Davis', 'Peyton Davis');
INSERT INTO `professors` (`user_id`, `department`, `name`) VALUES (178, 'Department of Brown', 'Morgan Brown');
INSERT INTO `professors` (`user_id`, `department`, `name`) VALUES (185, 'Department of Smith', 'Quinn Smith');
INSERT INTO `professors` (`user_id`, `department`, `name`) VALUES (187, 'Department of Jones', 'Taylor Jones');
INSERT INTO `professors` (`user_id`, `department`, `name`) VALUES (190, 'Department of Wilson', 'Quinn Wilson');
INSERT INTO `professors` (`user_id`, `department`, `name`) VALUES (200, 'Department of Smith', 'Quinn Smith');

#
# Dumping data for table 'system_admins'
#

INSERT INTO `system_admins` (`user_id`) VALUES (1);
INSERT INTO `system_admins` (`user_id`) VALUES (4);
INSERT INTO `system_admins` (`user_id`) VALUES (8);
INSERT INTO `system_admins` (`user_id`) VALUES (9);
INSERT INTO `system_admins` (`user_id`) VALUES (15);
INSERT INTO `system_admins` (`user_id`) VALUES (16);
INSERT INTO `system_admins` (`user_id`) VALUES (23);
INSERT INTO `system_admins` (`user_id`) VALUES (25);
INSERT INTO `system_admins` (`user_id`) VALUES (27);
INSERT INTO `system_admins` (`user_id`) VALUES (28);
INSERT INTO `system_admins` (`user_id`) VALUES (30);
INSERT INTO `system_admins` (`user_id`) VALUES (31);
INSERT INTO `system_admins` (`user_id`) VALUES (32);
INSERT INTO `system_admins` (`user_id`) VALUES (39);
INSERT INTO `system_admins` (`user_id`) VALUES (41);
INSERT INTO `system_admins` (`user_id`) VALUES (49);
INSERT INTO `system_admins` (`user_id`) VALUES (50);
INSERT INTO `system_admins` (`user_id`) VALUES (59);
INSERT INTO `system_admins` (`user_id`) VALUES (61);
INSERT INTO `system_admins` (`user_id`) VALUES (62);
INSERT INTO `system_admins` (`user_id`) VALUES (66);
INSERT INTO `system_admins` (`user_id`) VALUES (67);
INSERT INTO `system_admins` (`user_id`) VALUES (70);
INSERT INTO `system_admins` (`user_id`) VALUES (72);
INSERT INTO `system_admins` (`user_id`) VALUES (74);
INSERT INTO `system_admins` (`user_id`) VALUES (79);
INSERT INTO `system_admins` (`user_id`) VALUES (82);
INSERT INTO `system_admins` (`user_id`) VALUES (84);
INSERT INTO `system_admins` (`user_id`) VALUES (86);
INSERT INTO `system_admins` (`user_id`) VALUES (91);
INSERT INTO `system_admins` (`user_id`) VALUES (96);
INSERT INTO `system_admins` (`user_id`) VALUES (97);
INSERT INTO `system_admins` (`user_id`) VALUES (100);
INSERT INTO `system_admins` (`user_id`) VALUES (108);
INSERT INTO `system_admins` (`user_id`) VALUES (112);
INSERT INTO `system_admins` (`user_id`) VALUES (115);
INSERT INTO `system_admins` (`user_id`) VALUES (122);
INSERT INTO `system_admins` (`user_id`) VALUES (125);
INSERT INTO `system_admins` (`user_id`) VALUES (127);
INSERT INTO `system_admins` (`user_id`) VALUES (129);
INSERT INTO `system_admins` (`user_id`) VALUES (130);
INSERT INTO `system_admins` (`user_id`) VALUES (136);
INSERT INTO `system_admins` (`user_id`) VALUES (138);
INSERT INTO `system_admins` (`user_id`) VALUES (139);
INSERT INTO `system_admins` (`user_id`) VALUES (147);
INSERT INTO `system_admins` (`user_id`) VALUES (148);
INSERT INTO `system_admins` (`user_id`) VALUES (159);
INSERT INTO `system_admins` (`user_id`) VALUES (164);
INSERT INTO `system_admins` (`user_id`) VALUES (167);
INSERT INTO `system_admins` (`user_id`) VALUES (172);
INSERT INTO `system_admins` (`user_id`) VALUES (180);
INSERT INTO `system_admins` (`user_id`) VALUES (181);
INSERT INTO `system_admins` (`user_id`) VALUES (183);
INSERT INTO `system_admins` (`user_id`) VALUES (184);
INSERT INTO `system_admins` (`user_id`) VALUES (191);

#
# Dumping data for table 'parents'
#

INSERT INTO `parents` (`user_id`, `name`, `occupation`, `age`) VALUES (3, 'Morgan Brown', 'Engineer', 42);
INSERT INTO `parents` (`user_id`, `name`, `occupation`, `age`) VALUES (7, 'Peyton Williams', 'Engineer', 36);
INSERT INTO `parents` (`user_id`, `name`, `occupation`, `age`) VALUES (10, 'Skyler Johnson', 'Engineer', 48);
INSERT INTO `parents` (`user_id`, `name`, `occupation`, `age`) VALUES (11, 'Taylor Moore', 'Engineer', 54);
INSERT INTO `parents` (`user_id`, `name`, `occupation`, `age`) VALUES (14, 'Taylor Davis', 'Engineer', 60);
INSERT INTO `parents` (`user_id`, `name`, `occupation`, `age`) VALUES (17, 'Riley Taylor', 'Engineer', 48);
INSERT INTO `parents` (`user_id`, `name`, `occupation`, `age`) VALUES (33, 'Riley Taylor', 'Engineer', 54);
INSERT INTO `parents` (`user_id`, `name`, `occupation`, `age`) VALUES (38, 'Quinn Jones', 'Engineer', 54);
INSERT INTO `parents` (`user_id`, `name`, `occupation`, `age`) VALUES (43, 'Quinn Williams', 'Engineer', 45);
INSERT INTO `parents` (`user_id`, `name`, `occupation`, `age`) VALUES (45, 'Taylor Miller', 'Engineer', 48);
INSERT INTO `parents` (`user_id`, `name`, `occupation`, `age`) VALUES (51, 'Quinn Jones', 'Engineer', 57);
INSERT INTO `parents` (`user_id`, `name`, `occupation`, `age`) VALUES (54, 'Peyton Taylor', 'Engineer', 43);
INSERT INTO `parents` (`user_id`, `name`, `occupation`, `age`) VALUES (65, 'Quinn Johnson', 'Engineer', 56);
INSERT INTO `parents` (`user_id`, `name`, `occupation`, `age`) VALUES (69, 'Jordan Johnson', 'Engineer', 42);
INSERT INTO `parents` (`user_id`, `name`, `occupation`, `age`) VALUES (76, 'Casey Brown', 'Engineer', 43);
INSERT INTO `parents` (`user_id`, `name`, `occupation`, `age`) VALUES (77, 'Avery Davis', 'Engineer', 36);
INSERT INTO `parents` (`user_id`, `name`, `occupation`, `age`) VALUES (89, 'Alex Johnson', 'Engineer', 48);
INSERT INTO `parents` (`user_id`, `name`, `occupation`, `age`) VALUES (98, 'Jordan Davis', 'Engineer', 59);
INSERT INTO `parents` (`user_id`, `name`, `occupation`, `age`) VALUES (106, 'Alex Moore', 'Engineer', 42);
INSERT INTO `parents` (`user_id`, `name`, `occupation`, `age`) VALUES (110, 'Taylor Smith', 'Engineer', 57);
INSERT INTO `parents` (`user_id`, `name`, `occupation`, `age`) VALUES (119, 'Morgan Johnson', 'Engineer', 43);
INSERT INTO `parents` (`user_id`, `name`, `occupation`, `age`) VALUES (126, 'Jordan Brown', 'Engineer', 46);
INSERT INTO `parents` (`user_id`, `name`, `occupation`, `age`) VALUES (131, 'Quinn Moore', 'Engineer', 44);
INSERT INTO `parents` (`user_id`, `name`, `occupation`, `age`) VALUES (144, 'Morgan Wilson', 'Engineer', 36);
INSERT INTO `parents` (`user_id`, `name`, `occupation`, `age`) VALUES (146, 'Skyler Jones', 'Engineer', 59);
INSERT INTO `parents` (`user_id`, `name`, `occupation`, `age`) VALUES (160, 'Avery Brown', 'Engineer', 35);
INSERT INTO `parents` (`user_id`, `name`, `occupation`, `age`) VALUES (161, 'Peyton Davis', 'Engineer', 53);
INSERT INTO `parents` (`user_id`, `name`, `occupation`, `age`) VALUES (165, 'Jordan Taylor', 'Engineer', 40);
INSERT INTO `parents` (`user_id`, `name`, `occupation`, `age`) VALUES (166, 'Quinn Smith', 'Engineer', 49);
INSERT INTO `parents` (`user_id`, `name`, `occupation`, `age`) VALUES (170, 'Quinn Brown', 'Engineer', 55);
INSERT INTO `parents` (`user_id`, `name`, `occupation`, `age`) VALUES (174, 'Taylor Brown', 'Engineer', 47);
INSERT INTO `parents` (`user_id`, `name`, `occupation`, `age`) VALUES (182, 'Quinn Davis', 'Engineer', 47);
INSERT INTO `parents` (`user_id`, `name`, `occupation`, `age`) VALUES (186, 'Avery Miller', 'Engineer', 39);
INSERT INTO `parents` (`user_id`, `name`, `occupation`, `age`) VALUES (189, 'Morgan Wilson', 'Engineer', 59);
INSERT INTO `parents` (`user_id`, `name`, `occupation`, `age`) VALUES (192, 'Jordan Brown', 'Engineer', 50);
INSERT INTO `parents` (`user_id`, `name`, `occupation`, `age`) VALUES (197, 'Avery Miller', 'Engineer', 58);

#
# Dumping data for table 'courses'
#

INSERT INTO `courses` (`course_id`, `name`, `semester`, `priority`) VALUES (1, 'Course1', 'Spring 2025', 3);
INSERT INTO `courses` (`course_id`, `name`, `semester`, `priority`) VALUES (2, 'Course2', 'Spring 2025', 4);
INSERT INTO `courses` (`course_id`, `name`, `semester`, `priority`) VALUES (3, 'Course3', 'Spring 2025', 5);
INSERT INTO `courses` (`course_id`, `name`, `semester`, `priority`) VALUES (4, 'Course4', 'Spring 2025', 4);
INSERT INTO `courses` (`course_id`, `name`, `semester`, `priority`) VALUES (5, 'Course5', 'Spring 2024', 5);
INSERT INTO `courses` (`course_id`, `name`, `semester`, `priority`) VALUES (6, 'Course6', 'Spring 2025', 4);
INSERT INTO `courses` (`course_id`, `name`, `semester`, `priority`) VALUES (7, 'Course7', 'Fall 2024', 1);
INSERT INTO `courses` (`course_id`, `name`, `semester`, `priority`) VALUES (8, 'Course8', 'Spring 2024', 3);
INSERT INTO `courses` (`course_id`, `name`, `semester`, `priority`) VALUES (9, 'Course9', 'Spring 2024', 1);
INSERT INTO `courses` (`course_id`, `name`, `semester`, `priority`) VALUES (10, 'Course10', 'Spring 2025', 2);
INSERT INTO `courses` (`course_id`, `name`, `semester`, `priority`) VALUES (11, 'Course11', 'Spring 2025', 4);
INSERT INTO `courses` (`course_id`, `name`, `semester`, `priority`) VALUES (12, 'Course12', 'Spring 2025', 5);
INSERT INTO `courses` (`course_id`, `name`, `semester`, `priority`) VALUES (13, 'Course13', 'Spring 2025', 1);
INSERT INTO `courses` (`course_id`, `name`, `semester`, `priority`) VALUES (14, 'Course14', 'Spring 2024', 2);
INSERT INTO `courses` (`course_id`, `name`, `semester`, `priority`) VALUES (15, 'Course15', 'Spring 2025', 2);
INSERT INTO `courses` (`course_id`, `name`, `semester`, `priority`) VALUES (16, 'Course16', 'Fall 2024', 3);
INSERT INTO `courses` (`course_id`, `name`, `semester`, `priority`) VALUES (17, 'Course17', 'Spring 2024', 1);
INSERT INTO `courses` (`course_id`, `name`, `semester`, `priority`) VALUES (18, 'Course18', 'Fall 2024', 3);
INSERT INTO `courses` (`course_id`, `name`, `semester`, `priority`) VALUES (19, 'Course19', 'Fall 2024', 2);
INSERT INTO `courses` (`course_id`, `name`, `semester`, `priority`) VALUES (20, 'Course20', 'Spring 2024', 3);
INSERT INTO `courses` (`course_id`, `name`, `semester`, `priority`) VALUES (21, 'Course21', 'Spring 2025', 2);
INSERT INTO `courses` (`course_id`, `name`, `semester`, `priority`) VALUES (22, 'Course22', 'Spring 2025', 4);
INSERT INTO `courses` (`course_id`, `name`, `semester`, `priority`) VALUES (23, 'Course23', 'Fall 2024', 5);
INSERT INTO `courses` (`course_id`, `name`, `semester`, `priority`) VALUES (24, 'Course24', 'Spring 2024', 4);
INSERT INTO `courses` (`course_id`, `name`, `semester`, `priority`) VALUES (25, 'Course25', 'Fall 2024', 3);
INSERT INTO `courses` (`course_id`, `name`, `semester`, `priority`) VALUES (26, 'Course26', 'Spring 2025', 3);
INSERT INTO `courses` (`course_id`, `name`, `semester`, `priority`) VALUES (27, 'Course27', 'Spring 2024', 5);
INSERT INTO `courses` (`course_id`, `name`, `semester`, `priority`) VALUES (28, 'Course28', 'Fall 2024', 4);
INSERT INTO `courses` (`course_id`, `name`, `semester`, `priority`) VALUES (29, 'Course29', 'Spring 2024', 5);
INSERT INTO `courses` (`course_id`, `name`, `semester`, `priority`) VALUES (30, 'Course30', 'Fall 2024', 1);
INSERT INTO `courses` (`course_id`, `name`, `semester`, `priority`) VALUES (31, 'Course31', 'Spring 2025', 2);
INSERT INTO `courses` (`course_id`, `name`, `semester`, `priority`) VALUES (32, 'Course32', 'Spring 2024', 1);
INSERT INTO `courses` (`course_id`, `name`, `semester`, `priority`) VALUES (33, 'Course33', 'Fall 2024', 3);
INSERT INTO `courses` (`course_id`, `name`, `semester`, `priority`) VALUES (34, 'Course34', 'Fall 2024', 3);
INSERT INTO `courses` (`course_id`, `name`, `semester`, `priority`) VALUES (35, 'Course35', 'Spring 2024', 5);
INSERT INTO `courses` (`course_id`, `name`, `semester`, `priority`) VALUES (36, 'Course36', 'Spring 2024', 5);
INSERT INTO `courses` (`course_id`, `name`, `semester`, `priority`) VALUES (37, 'Course37', 'Spring 2024', 4);
INSERT INTO `courses` (`course_id`, `name`, `semester`, `priority`) VALUES (38, 'Course38', 'Spring 2025', 5);
INSERT INTO `courses` (`course_id`, `name`, `semester`, `priority`) VALUES (39, 'Course39', 'Fall 2024', 5);
INSERT INTO `courses` (`course_id`, `name`, `semester`, `priority`) VALUES (40, 'Course40', 'Spring 2024', 5);
INSERT INTO `courses` (`course_id`, `name`, `semester`, `priority`) VALUES (41, 'Course41', 'Spring 2024', 2);
INSERT INTO `courses` (`course_id`, `name`, `semester`, `priority`) VALUES (42, 'Course42', 'Spring 2024', 2);
INSERT INTO `courses` (`course_id`, `name`, `semester`, `priority`) VALUES (43, 'Course43', 'Spring 2024', 5);
INSERT INTO `courses` (`course_id`, `name`, `semester`, `priority`) VALUES (44, 'Course44', 'Spring 2024', 4);
INSERT INTO `courses` (`course_id`, `name`, `semester`, `priority`) VALUES (45, 'Course45', 'Fall 2024', 2);
INSERT INTO `courses` (`course_id`, `name`, `semester`, `priority`) VALUES (46, 'Course46', 'Spring 2025', 1);
INSERT INTO `courses` (`course_id`, `name`, `semester`, `priority`) VALUES (47, 'Course47', 'Fall 2024', 1);
INSERT INTO `courses` (`course_id`, `name`, `semester`, `priority`) VALUES (48, 'Course48', 'Spring 2025', 1);
INSERT INTO `courses` (`course_id`, `name`, `semester`, `priority`) VALUES (49, 'Course49', 'Spring 2024', 2);
INSERT INTO `courses` (`course_id`, `name`, `semester`, `priority`) VALUES (50, 'Course50', 'Fall 2024', 2);

#
# Dumping data for table 'students'
#

INSERT INTO `students` (`student_id`, `course_id`, `name`, `user_id`) VALUES (2, 46, 'Skyler Davis', 5);
INSERT INTO `students` (`student_id`, `course_id`, `name`, `user_id`) VALUES (3, 26, 'Peyton Moore', 12);
INSERT INTO `students` (`student_id`, `course_id`, `name`, `user_id`) VALUES (4, 47, 'Jordan Davis', 19);
INSERT INTO `students` (`student_id`, `course_id`, `name`, `user_id`) VALUES (5, 35, 'Peyton Jones', 21);
INSERT INTO `students` (`student_id`, `course_id`, `name`, `user_id`) VALUES (6, 34, 'Skyler Davis', 22);
INSERT INTO `students` (`student_id`, `course_id`, `name`, `user_id`) VALUES (7, 8, 'Avery Wilson', 24);
INSERT INTO `students` (`student_id`, `course_id`, `name`, `user_id`) VALUES (8, 35, 'Alex Williams', 29);
INSERT INTO `students` (`student_id`, `course_id`, `name`, `user_id`) VALUES (9, 40, 'Morgan Williams', 34);
INSERT INTO `students` (`student_id`, `course_id`, `name`, `user_id`) VALUES (10, 14, 'Alex Miller', 37);
INSERT INTO `students` (`student_id`, `course_id`, `name`, `user_id`) VALUES (11, 21, 'Avery Taylor', 40);
INSERT INTO `students` (`student_id`, `course_id`, `name`, `user_id`) VALUES (12, 43, 'Avery Smith', 42);
INSERT INTO `students` (`student_id`, `course_id`, `name`, `user_id`) VALUES (13, 47, 'Casey Moore', 44);
INSERT INTO `students` (`student_id`, `course_id`, `name`, `user_id`) VALUES (14, 5, 'Alex Davis', 53);
INSERT INTO `students` (`student_id`, `course_id`, `name`, `user_id`) VALUES (15, 24, 'Jordan Moore', 55);
INSERT INTO `students` (`student_id`, `course_id`, `name`, `user_id`) VALUES (16, 40, 'Riley Davis', 56);
INSERT INTO `students` (`student_id`, `course_id`, `name`, `user_id`) VALUES (17, 41, 'Peyton Brown', 57);
INSERT INTO `students` (`student_id`, `course_id`, `name`, `user_id`) VALUES (18, 22, 'Taylor Moore', 58);
INSERT INTO `students` (`student_id`, `course_id`, `name`, `user_id`) VALUES (19, 9, 'Casey Brown', 60);
INSERT INTO `students` (`student_id`, `course_id`, `name`, `user_id`) VALUES (20, 24, 'Morgan Taylor', 64);
INSERT INTO `students` (`student_id`, `course_id`, `name`, `user_id`) VALUES (21, 30, 'Morgan Taylor', 68);
INSERT INTO `students` (`student_id`, `course_id`, `name`, `user_id`) VALUES (22, 43, 'Alex Smith', 73);
INSERT INTO `students` (`student_id`, `course_id`, `name`, `user_id`) VALUES (23, 37, 'Alex Williams', 75);
INSERT INTO `students` (`student_id`, `course_id`, `name`, `user_id`) VALUES (24, 45, 'Casey Smith', 88);
INSERT INTO `students` (`student_id`, `course_id`, `name`, `user_id`) VALUES (25, 10, 'Morgan Taylor', 95);
INSERT INTO `students` (`student_id`, `course_id`, `name`, `user_id`) VALUES (26, 13, 'Casey Davis', 102);
INSERT INTO `students` (`student_id`, `course_id`, `name`, `user_id`) VALUES (27, 18, 'Avery Moore', 107);
INSERT INTO `students` (`student_id`, `course_id`, `name`, `user_id`) VALUES (28, 23, 'Riley Brown', 109);
INSERT INTO `students` (`student_id`, `course_id`, `name`, `user_id`) VALUES (29, 37, 'Skyler Johnson', 113);
INSERT INTO `students` (`student_id`, `course_id`, `name`, `user_id`) VALUES (30, 46, 'Skyler Jones', 116);
INSERT INTO `students` (`student_id`, `course_id`, `name`, `user_id`) VALUES (31, 26, 'Morgan Miller', 118);
INSERT INTO `students` (`student_id`, `course_id`, `name`, `user_id`) VALUES (32, 2, 'Skyler Jones', 123);
INSERT INTO `students` (`student_id`, `course_id`, `name`, `user_id`) VALUES (33, 34, 'Avery Johnson', 133);
INSERT INTO `students` (`student_id`, `course_id`, `name`, `user_id`) VALUES (34, 11, 'Alex Taylor', 137);
INSERT INTO `students` (`student_id`, `course_id`, `name`, `user_id`) VALUES (35, 34, 'Avery Smith', 140);
INSERT INTO `students` (`student_id`, `course_id`, `name`, `user_id`) VALUES (36, 35, 'Taylor Miller', 141);
INSERT INTO `students` (`student_id`, `course_id`, `name`, `user_id`) VALUES (37, 17, 'Taylor Taylor', 142);
INSERT INTO `students` (`student_id`, `course_id`, `name`, `user_id`) VALUES (38, 20, 'Jordan Wilson', 143);
INSERT INTO `students` (`student_id`, `course_id`, `name`, `user_id`) VALUES (39, 23, 'Morgan Moore', 145);
INSERT INTO `students` (`student_id`, `course_id`, `name`, `user_id`) VALUES (40, 37, 'Morgan Wilson', 149);
INSERT INTO `students` (`student_id`, `course_id`, `name`, `user_id`) VALUES (41, 10, 'Casey Davis', 154);
INSERT INTO `students` (`student_id`, `course_id`, `name`, `user_id`) VALUES (42, 35, 'Jordan Miller', 157);
INSERT INTO `students` (`student_id`, `course_id`, `name`, `user_id`) VALUES (43, 8, 'Peyton Johnson', 162);
INSERT INTO `students` (`student_id`, `course_id`, `name`, `user_id`) VALUES (44, 9, 'Taylor Jones', 169);
INSERT INTO `students` (`student_id`, `course_id`, `name`, `user_id`) VALUES (45, 23, 'Alex Davis', 171);
INSERT INTO `students` (`student_id`, `course_id`, `name`, `user_id`) VALUES (46, 34, 'Casey Wilson', 173);
INSERT INTO `students` (`student_id`, `course_id`, `name`, `user_id`) VALUES (47, 23, 'Riley Miller', 175);
INSERT INTO `students` (`student_id`, `course_id`, `name`, `user_id`) VALUES (48, 40, 'Skyler Moore', 176);
INSERT INTO `students` (`student_id`, `course_id`, `name`, `user_id`) VALUES (49, 12, 'Riley Williams', 179);
INSERT INTO `students` (`student_id`, `course_id`, `name`, `user_id`) VALUES (50, 1, 'Quinn Williams', 188);
INSERT INTO `students` (`student_id`, `course_id`, `name`, `user_id`) VALUES (51, 32, 'Quinn Davis', 193);
INSERT INTO `students` (`student_id`, `course_id`, `name`, `user_id`) VALUES (52, 48, 'Skyler Brown', 194);
INSERT INTO `students` (`student_id`, `course_id`, `name`, `user_id`) VALUES (53, 1, 'Taylor Smith', 195);
INSERT INTO `students` (`student_id`, `course_id`, `name`, `user_id`) VALUES (54, 43, 'Skyler Davis', 196);
INSERT INTO `students` (`student_id`, `course_id`, `name`, `user_id`) VALUES (55, 17, 'Skyler Jones', 198);
INSERT INTO `students` (`student_id`, `course_id`, `name`, `user_id`) VALUES (56, 8, 'Alex Johnson', 199);

#
# Dumping data for table 'assignments'
#

INSERT INTO `assignments` (`assign_id`, `course_id`, `description`, `due_date`) VALUES (1, 17, 'Assignment 1 for Course 17', '2025-08-09');
INSERT INTO `assignments` (`assign_id`, `course_id`, `description`, `due_date`) VALUES (2, 33, 'Assignment 2 for Course 33', '2024-07-04');
INSERT INTO `assignments` (`assign_id`, `course_id`, `description`, `due_date`) VALUES (3, 14, 'Assignment 3 for Course 14', '2025-03-12');
INSERT INTO `assignments` (`assign_id`, `course_id`, `description`, `due_date`) VALUES (4, 5, 'Assignment 4 for Course 5', '2024-08-14');
INSERT INTO `assignments` (`assign_id`, `course_id`, `description`, `due_date`) VALUES (5, 5, 'Assignment 5 for Course 5', '2025-05-11');
INSERT INTO `assignments` (`assign_id`, `course_id`, `description`, `due_date`) VALUES (6, 43, 'Assignment 6 for Course 43', '2025-06-17');
INSERT INTO `assignments` (`assign_id`, `course_id`, `description`, `due_date`) VALUES (7, 39, 'Assignment 7 for Course 39', '2024-04-27');
INSERT INTO `assignments` (`assign_id`, `course_id`, `description`, `due_date`) VALUES (8, 2, 'Assignment 8 for Course 2', '2024-04-08');
INSERT INTO `assignments` (`assign_id`, `course_id`, `description`, `due_date`) VALUES (9, 17, 'Assignment 9 for Course 17', '2025-06-23');
INSERT INTO `assignments` (`assign_id`, `course_id`, `description`, `due_date`) VALUES (10, 32, 'Assignment 10 for Course 32', '2025-08-15');
INSERT INTO `assignments` (`assign_id`, `course_id`, `description`, `due_date`) VALUES (11, 6, 'Assignment 11 for Course 6', '2025-06-08');
INSERT INTO `assignments` (`assign_id`, `course_id`, `description`, `due_date`) VALUES (12, 35, 'Assignment 12 for Course 35', '2024-04-03');
INSERT INTO `assignments` (`assign_id`, `course_id`, `description`, `due_date`) VALUES (13, 37, 'Assignment 13 for Course 37', '2023-03-22');
INSERT INTO `assignments` (`assign_id`, `course_id`, `description`, `due_date`) VALUES (14, 27, 'Assignment 14 for Course 27', '2023-01-08');
INSERT INTO `assignments` (`assign_id`, `course_id`, `description`, `due_date`) VALUES (15, 44, 'Assignment 15 for Course 44', '2025-06-01');
INSERT INTO `assignments` (`assign_id`, `course_id`, `description`, `due_date`) VALUES (16, 9, 'Assignment 16 for Course 9', '2023-03-20');
INSERT INTO `assignments` (`assign_id`, `course_id`, `description`, `due_date`) VALUES (17, 40, 'Assignment 17 for Course 40', '2024-02-16');
INSERT INTO `assignments` (`assign_id`, `course_id`, `description`, `due_date`) VALUES (18, 32, 'Assignment 18 for Course 32', '2025-08-22');
INSERT INTO `assignments` (`assign_id`, `course_id`, `description`, `due_date`) VALUES (19, 38, 'Assignment 19 for Course 38', '2024-12-22');
INSERT INTO `assignments` (`assign_id`, `course_id`, `description`, `due_date`) VALUES (20, 26, 'Assignment 20 for Course 26', '2023-07-25');
INSERT INTO `assignments` (`assign_id`, `course_id`, `description`, `due_date`) VALUES (21, 39, 'Assignment 21 for Course 39', '2025-02-05');
INSERT INTO `assignments` (`assign_id`, `course_id`, `description`, `due_date`) VALUES (22, 2, 'Assignment 22 for Course 2', '2025-08-06');
INSERT INTO `assignments` (`assign_id`, `course_id`, `description`, `due_date`) VALUES (23, 43, 'Assignment 23 for Course 43', '2023-12-14');
INSERT INTO `assignments` (`assign_id`, `course_id`, `description`, `due_date`) VALUES (24, 15, 'Assignment 24 for Course 15', '2025-08-22');
INSERT INTO `assignments` (`assign_id`, `course_id`, `description`, `due_date`) VALUES (25, 23, 'Assignment 25 for Course 23', '2024-02-16');
INSERT INTO `assignments` (`assign_id`, `course_id`, `description`, `due_date`) VALUES (26, 47, 'Assignment 26 for Course 47', '2023-12-12');
INSERT INTO `assignments` (`assign_id`, `course_id`, `description`, `due_date`) VALUES (27, 11, 'Assignment 27 for Course 11', '2024-06-12');
INSERT INTO `assignments` (`assign_id`, `course_id`, `description`, `due_date`) VALUES (28, 14, 'Assignment 28 for Course 14', '2024-01-08');
INSERT INTO `assignments` (`assign_id`, `course_id`, `description`, `due_date`) VALUES (29, 6, 'Assignment 29 for Course 6', '2023-08-03');
INSERT INTO `assignments` (`assign_id`, `course_id`, `description`, `due_date`) VALUES (30, 18, 'Assignment 30 for Course 18', '2024-05-09');
INSERT INTO `assignments` (`assign_id`, `course_id`, `description`, `due_date`) VALUES (31, 6, 'Assignment 31 for Course 6', '2023-08-20');
INSERT INTO `assignments` (`assign_id`, `course_id`, `description`, `due_date`) VALUES (32, 12, 'Assignment 32 for Course 12', '2023-04-13');
INSERT INTO `assignments` (`assign_id`, `course_id`, `description`, `due_date`) VALUES (33, 50, 'Assignment 33 for Course 50', '2024-04-06');
INSERT INTO `assignments` (`assign_id`, `course_id`, `description`, `due_date`) VALUES (34, 5, 'Assignment 34 for Course 5', '2025-03-14');
INSERT INTO `assignments` (`assign_id`, `course_id`, `description`, `due_date`) VALUES (35, 21, 'Assignment 35 for Course 21', '2024-06-08');
INSERT INTO `assignments` (`assign_id`, `course_id`, `description`, `due_date`) VALUES (36, 19, 'Assignment 36 for Course 19', '2025-09-30');
INSERT INTO `assignments` (`assign_id`, `course_id`, `description`, `due_date`) VALUES (37, 24, 'Assignment 37 for Course 24', '2023-10-26');
INSERT INTO `assignments` (`assign_id`, `course_id`, `description`, `due_date`) VALUES (38, 30, 'Assignment 38 for Course 30', '2024-05-12');
INSERT INTO `assignments` (`assign_id`, `course_id`, `description`, `due_date`) VALUES (39, 11, 'Assignment 39 for Course 11', '2023-08-01');
INSERT INTO `assignments` (`assign_id`, `course_id`, `description`, `due_date`) VALUES (40, 2, 'Assignment 40 for Course 2', '2023-04-17');
INSERT INTO `assignments` (`assign_id`, `course_id`, `description`, `due_date`) VALUES (41, 1, 'Assignment 41 for Course 1', '2025-11-16');
INSERT INTO `assignments` (`assign_id`, `course_id`, `description`, `due_date`) VALUES (42, 33, 'Assignment 42 for Course 33', '2025-02-27');
INSERT INTO `assignments` (`assign_id`, `course_id`, `description`, `due_date`) VALUES (43, 3, 'Assignment 43 for Course 3', '2023-08-27');
INSERT INTO `assignments` (`assign_id`, `course_id`, `description`, `due_date`) VALUES (44, 31, 'Assignment 44 for Course 31', '2025-12-13');
INSERT INTO `assignments` (`assign_id`, `course_id`, `description`, `due_date`) VALUES (45, 38, 'Assignment 45 for Course 38', '2024-03-07');
INSERT INTO `assignments` (`assign_id`, `course_id`, `description`, `due_date`) VALUES (46, 47, 'Assignment 46 for Course 47', '2023-05-17');
INSERT INTO `assignments` (`assign_id`, `course_id`, `description`, `due_date`) VALUES (47, 2, 'Assignment 47 for Course 2', '2023-11-01');
INSERT INTO `assignments` (`assign_id`, `course_id`, `description`, `due_date`) VALUES (48, 40, 'Assignment 48 for Course 40', '2023-07-12');
INSERT INTO `assignments` (`assign_id`, `course_id`, `description`, `due_date`) VALUES (49, 37, 'Assignment 49 for Course 37', '2023-07-31');
INSERT INTO `assignments` (`assign_id`, `course_id`, `description`, `due_date`) VALUES (50, 30, 'Assignment 50 for Course 30', '2023-06-21');
INSERT INTO `assignments` (`assign_id`, `course_id`, `description`, `due_date`) VALUES (51, 7, 'Assignment 51 for Course 7', '2025-10-25');
INSERT INTO `assignments` (`assign_id`, `course_id`, `description`, `due_date`) VALUES (52, 21, 'Assignment 52 for Course 21', '2023-11-06');
INSERT INTO `assignments` (`assign_id`, `course_id`, `description`, `due_date`) VALUES (53, 42, 'Assignment 53 for Course 42', '2024-07-07');
INSERT INTO `assignments` (`assign_id`, `course_id`, `description`, `due_date`) VALUES (54, 31, 'Assignment 54 for Course 31', '2024-05-03');
INSERT INTO `assignments` (`assign_id`, `course_id`, `description`, `due_date`) VALUES (55, 48, 'Assignment 55 for Course 48', '2025-04-18');
INSERT INTO `assignments` (`assign_id`, `course_id`, `description`, `due_date`) VALUES (56, 12, 'Assignment 56 for Course 12', '2025-01-24');
INSERT INTO `assignments` (`assign_id`, `course_id`, `description`, `due_date`) VALUES (57, 36, 'Assignment 57 for Course 36', '2023-02-08');
INSERT INTO `assignments` (`assign_id`, `course_id`, `description`, `due_date`) VALUES (58, 14, 'Assignment 58 for Course 14', '2024-03-04');
INSERT INTO `assignments` (`assign_id`, `course_id`, `description`, `due_date`) VALUES (59, 35, 'Assignment 59 for Course 35', '2025-10-19');
INSERT INTO `assignments` (`assign_id`, `course_id`, `description`, `due_date`) VALUES (60, 32, 'Assignment 60 for Course 32', '2023-07-14');
INSERT INTO `assignments` (`assign_id`, `course_id`, `description`, `due_date`) VALUES (61, 29, 'Assignment 61 for Course 29', '2025-05-01');
INSERT INTO `assignments` (`assign_id`, `course_id`, `description`, `due_date`) VALUES (62, 39, 'Assignment 62 for Course 39', '2023-02-15');
INSERT INTO `assignments` (`assign_id`, `course_id`, `description`, `due_date`) VALUES (63, 12, 'Assignment 63 for Course 12', '2023-10-31');
INSERT INTO `assignments` (`assign_id`, `course_id`, `description`, `due_date`) VALUES (64, 17, 'Assignment 64 for Course 17', '2023-06-23');
INSERT INTO `assignments` (`assign_id`, `course_id`, `description`, `due_date`) VALUES (65, 49, 'Assignment 65 for Course 49', '2025-11-26');
INSERT INTO `assignments` (`assign_id`, `course_id`, `description`, `due_date`) VALUES (66, 19, 'Assignment 66 for Course 19', '2024-01-03');
INSERT INTO `assignments` (`assign_id`, `course_id`, `description`, `due_date`) VALUES (67, 4, 'Assignment 67 for Course 4', '2024-02-27');
INSERT INTO `assignments` (`assign_id`, `course_id`, `description`, `due_date`) VALUES (68, 2, 'Assignment 68 for Course 2', '2023-11-13');
INSERT INTO `assignments` (`assign_id`, `course_id`, `description`, `due_date`) VALUES (69, 26, 'Assignment 69 for Course 26', '2025-12-17');
INSERT INTO `assignments` (`assign_id`, `course_id`, `description`, `due_date`) VALUES (70, 18, 'Assignment 70 for Course 18', '2023-04-25');

#
# Dumping data for table 'lesson_plans'
#

INSERT INTO `lesson_plans` (`plan_id`, `course_id`, `professor_id`, `date`, `content`) VALUES (1, 46, 187, '2023-10-25', 'Lesson content 1 for Course 46');
INSERT INTO `lesson_plans` (`plan_id`, `course_id`, `professor_id`, `date`, `content`) VALUES (2, 17, 93, '2025-11-20', 'Lesson content 2 for Course 17');
INSERT INTO `lesson_plans` (`plan_id`, `course_id`, `professor_id`, `date`, `content`) VALUES (3, 28, 105, '2025-06-22', 'Lesson content 3 for Course 28');
INSERT INTO `lesson_plans` (`plan_id`, `course_id`, `professor_id`, `date`, `content`) VALUES (4, 43, 117, '2023-04-19', 'Lesson content 4 for Course 43');
INSERT INTO `lesson_plans` (`plan_id`, `course_id`, `professor_id`, `date`, `content`) VALUES (5, 26, 187, '2023-10-15', 'Lesson content 5 for Course 26');
INSERT INTO `lesson_plans` (`plan_id`, `course_id`, `professor_id`, `date`, `content`) VALUES (6, 5, 80, '2024-05-08', 'Lesson content 6 for Course 5');
INSERT INTO `lesson_plans` (`plan_id`, `course_id`, `professor_id`, `date`, `content`) VALUES (7, 22, 83, '2025-01-10', 'Lesson content 7 for Course 22');
INSERT INTO `lesson_plans` (`plan_id`, `course_id`, `professor_id`, `date`, `content`) VALUES (8, 8, 36, '2024-09-14', 'Lesson content 8 for Course 8');
INSERT INTO `lesson_plans` (`plan_id`, `course_id`, `professor_id`, `date`, `content`) VALUES (9, 35, 48, '2025-11-26', 'Lesson content 9 for Course 35');
INSERT INTO `lesson_plans` (`plan_id`, `course_id`, `professor_id`, `date`, `content`) VALUES (10, 24, 158, '2023-05-17', 'Lesson content 10 for Course 24');
INSERT INTO `lesson_plans` (`plan_id`, `course_id`, `professor_id`, `date`, `content`) VALUES (11, 22, 187, '2025-01-01', 'Lesson content 11 for Course 22');
INSERT INTO `lesson_plans` (`plan_id`, `course_id`, `professor_id`, `date`, `content`) VALUES (12, 13, 26, '2023-05-09', 'Lesson content 12 for Course 13');
INSERT INTO `lesson_plans` (`plan_id`, `course_id`, `professor_id`, `date`, `content`) VALUES (13, 39, 35, '2023-04-01', 'Lesson content 13 for Course 39');
INSERT INTO `lesson_plans` (`plan_id`, `course_id`, `professor_id`, `date`, `content`) VALUES (14, 21, 158, '2024-12-30', 'Lesson content 14 for Course 21');
INSERT INTO `lesson_plans` (`plan_id`, `course_id`, `professor_id`, `date`, `content`) VALUES (15, 42, 153, '2024-05-25', 'Lesson content 15 for Course 42');
INSERT INTO `lesson_plans` (`plan_id`, `course_id`, `professor_id`, `date`, `content`) VALUES (16, 1, 190, '2023-10-30', 'Lesson content 16 for Course 1');
INSERT INTO `lesson_plans` (`plan_id`, `course_id`, `professor_id`, `date`, `content`) VALUES (17, 19, 150, '2023-05-16', 'Lesson content 17 for Course 19');
INSERT INTO `lesson_plans` (`plan_id`, `course_id`, `professor_id`, `date`, `content`) VALUES (18, 14, 94, '2024-11-01', 'Lesson content 18 for Course 14');
INSERT INTO `lesson_plans` (`plan_id`, `course_id`, `professor_id`, `date`, `content`) VALUES (19, 4, 90, '2025-01-15', 'Lesson content 19 for Course 4');
INSERT INTO `lesson_plans` (`plan_id`, `course_id`, `professor_id`, `date`, `content`) VALUES (20, 2, 52, '2025-06-14', 'Lesson content 20 for Course 2');
INSERT INTO `lesson_plans` (`plan_id`, `course_id`, `professor_id`, `date`, `content`) VALUES (21, 20, 83, '2024-06-26', 'Lesson content 21 for Course 20');
INSERT INTO `lesson_plans` (`plan_id`, `course_id`, `professor_id`, `date`, `content`) VALUES (22, 38, 114, '2025-11-05', 'Lesson content 22 for Course 38');
INSERT INTO `lesson_plans` (`plan_id`, `course_id`, `professor_id`, `date`, `content`) VALUES (23, 11, 187, '2025-03-03', 'Lesson content 23 for Course 11');
INSERT INTO `lesson_plans` (`plan_id`, `course_id`, `professor_id`, `date`, `content`) VALUES (24, 24, 36, '2023-05-22', 'Lesson content 24 for Course 24');
INSERT INTO `lesson_plans` (`plan_id`, `course_id`, `professor_id`, `date`, `content`) VALUES (25, 48, 121, '2025-10-06', 'Lesson content 25 for Course 48');
INSERT INTO `lesson_plans` (`plan_id`, `course_id`, `professor_id`, `date`, `content`) VALUES (26, 29, 6, '2024-12-11', 'Lesson content 26 for Course 29');
INSERT INTO `lesson_plans` (`plan_id`, `course_id`, `professor_id`, `date`, `content`) VALUES (27, 1, 83, '2024-11-13', 'Lesson content 27 for Course 1');
INSERT INTO `lesson_plans` (`plan_id`, `course_id`, `professor_id`, `date`, `content`) VALUES (28, 39, 20, '2024-06-07', 'Lesson content 28 for Course 39');
INSERT INTO `lesson_plans` (`plan_id`, `course_id`, `professor_id`, `date`, `content`) VALUES (29, 47, 90, '2024-11-29', 'Lesson content 29 for Course 47');
INSERT INTO `lesson_plans` (`plan_id`, `course_id`, `professor_id`, `date`, `content`) VALUES (30, 45, 111, '2025-05-11', 'Lesson content 30 for Course 45');
INSERT INTO `lesson_plans` (`plan_id`, `course_id`, `professor_id`, `date`, `content`) VALUES (31, 42, 94, '2023-09-23', 'Lesson content 31 for Course 42');
INSERT INTO `lesson_plans` (`plan_id`, `course_id`, `professor_id`, `date`, `content`) VALUES (32, 48, 105, '2023-06-28', 'Lesson content 32 for Course 48');
INSERT INTO `lesson_plans` (`plan_id`, `course_id`, `professor_id`, `date`, `content`) VALUES (33, 35, 152, '2023-08-13', 'Lesson content 33 for Course 35');
INSERT INTO `lesson_plans` (`plan_id`, `course_id`, `professor_id`, `date`, `content`) VALUES (34, 11, 155, '2024-03-31', 'Lesson content 34 for Course 11');
INSERT INTO `lesson_plans` (`plan_id`, `course_id`, `professor_id`, `date`, `content`) VALUES (35, 24, 46, '2025-04-17', 'Lesson content 35 for Course 24');
INSERT INTO `lesson_plans` (`plan_id`, `course_id`, `professor_id`, `date`, `content`) VALUES (36, 3, 151, '2024-05-07', 'Lesson content 36 for Course 3');
INSERT INTO `lesson_plans` (`plan_id`, `course_id`, `professor_id`, `date`, `content`) VALUES (37, 43, 111, '2024-11-08', 'Lesson content 37 for Course 43');
INSERT INTO `lesson_plans` (`plan_id`, `course_id`, `professor_id`, `date`, `content`) VALUES (38, 48, 177, '2025-05-19', 'Lesson content 38 for Course 48');
INSERT INTO `lesson_plans` (`plan_id`, `course_id`, `professor_id`, `date`, `content`) VALUES (39, 8, 99, '2025-09-05', 'Lesson content 39 for Course 8');
INSERT INTO `lesson_plans` (`plan_id`, `course_id`, `professor_id`, `date`, `content`) VALUES (40, 36, 111, '2023-01-13', 'Lesson content 40 for Course 36');
INSERT INTO `lesson_plans` (`plan_id`, `course_id`, `professor_id`, `date`, `content`) VALUES (41, 12, 135, '2023-06-19', 'Lesson content 41 for Course 12');
INSERT INTO `lesson_plans` (`plan_id`, `course_id`, `professor_id`, `date`, `content`) VALUES (42, 8, 135, '2023-08-09', 'Lesson content 42 for Course 8');
INSERT INTO `lesson_plans` (`plan_id`, `course_id`, `professor_id`, `date`, `content`) VALUES (43, 4, 150, '2024-02-19', 'Lesson content 43 for Course 4');
INSERT INTO `lesson_plans` (`plan_id`, `course_id`, `professor_id`, `date`, `content`) VALUES (44, 17, 124, '2023-10-25', 'Lesson content 44 for Course 17');
INSERT INTO `lesson_plans` (`plan_id`, `course_id`, `professor_id`, `date`, `content`) VALUES (45, 13, 101, '2025-07-10', 'Lesson content 45 for Course 13');
INSERT INTO `lesson_plans` (`plan_id`, `course_id`, `professor_id`, `date`, `content`) VALUES (46, 8, 101, '2023-04-10', 'Lesson content 46 for Course 8');
INSERT INTO `lesson_plans` (`plan_id`, `course_id`, `professor_id`, `date`, `content`) VALUES (47, 31, 71, '2023-04-27', 'Lesson content 47 for Course 31');
INSERT INTO `lesson_plans` (`plan_id`, `course_id`, `professor_id`, `date`, `content`) VALUES (48, 50, 187, '2024-10-12', 'Lesson content 48 for Course 50');
INSERT INTO `lesson_plans` (`plan_id`, `course_id`, `professor_id`, `date`, `content`) VALUES (49, 31, 111, '2025-10-16', 'Lesson content 49 for Course 31');
INSERT INTO `lesson_plans` (`plan_id`, `course_id`, `professor_id`, `date`, `content`) VALUES (50, 26, 190, '2023-07-12', 'Lesson content 50 for Course 26');
INSERT INTO `lesson_plans` (`plan_id`, `course_id`, `professor_id`, `date`, `content`) VALUES (51, 43, 156, '2023-04-28', 'Lesson content 51 for Course 43');
INSERT INTO `lesson_plans` (`plan_id`, `course_id`, `professor_id`, `date`, `content`) VALUES (52, 16, 124, '2023-04-12', 'Lesson content 52 for Course 16');
INSERT INTO `lesson_plans` (`plan_id`, `course_id`, `professor_id`, `date`, `content`) VALUES (53, 4, 47, '2023-12-06', 'Lesson content 53 for Course 4');
INSERT INTO `lesson_plans` (`plan_id`, `course_id`, `professor_id`, `date`, `content`) VALUES (54, 28, 13, '2023-01-21', 'Lesson content 54 for Course 28');
INSERT INTO `lesson_plans` (`plan_id`, `course_id`, `professor_id`, `date`, `content`) VALUES (55, 49, 151, '2024-03-04', 'Lesson content 55 for Course 49');
INSERT INTO `lesson_plans` (`plan_id`, `course_id`, `professor_id`, `date`, `content`) VALUES (56, 49, 190, '2025-03-22', 'Lesson content 56 for Course 49');
INSERT INTO `lesson_plans` (`plan_id`, `course_id`, `professor_id`, `date`, `content`) VALUES (57, 20, 105, '2023-10-26', 'Lesson content 57 for Course 20');
INSERT INTO `lesson_plans` (`plan_id`, `course_id`, `professor_id`, `date`, `content`) VALUES (58, 7, 85, '2023-11-19', 'Lesson content 58 for Course 7');
INSERT INTO `lesson_plans` (`plan_id`, `course_id`, `professor_id`, `date`, `content`) VALUES (59, 18, 128, '2023-11-01', 'Lesson content 59 for Course 18');
INSERT INTO `lesson_plans` (`plan_id`, `course_id`, `professor_id`, `date`, `content`) VALUES (60, 17, 47, '2025-05-30', 'Lesson content 60 for Course 17');
INSERT INTO `lesson_plans` (`plan_id`, `course_id`, `professor_id`, `date`, `content`) VALUES (61, 5, 134, '2023-06-03', 'Lesson content 61 for Course 5');
INSERT INTO `lesson_plans` (`plan_id`, `course_id`, `professor_id`, `date`, `content`) VALUES (62, 13, 111, '2024-05-12', 'Lesson content 62 for Course 13');
INSERT INTO `lesson_plans` (`plan_id`, `course_id`, `professor_id`, `date`, `content`) VALUES (63, 8, 35, '2025-01-03', 'Lesson content 63 for Course 8');
INSERT INTO `lesson_plans` (`plan_id`, `course_id`, `professor_id`, `date`, `content`) VALUES (64, 47, 71, '2024-11-10', 'Lesson content 64 for Course 47');
INSERT INTO `lesson_plans` (`plan_id`, `course_id`, `professor_id`, `date`, `content`) VALUES (65, 11, 111, '2024-09-24', 'Lesson content 65 for Course 11');
INSERT INTO `lesson_plans` (`plan_id`, `course_id`, `professor_id`, `date`, `content`) VALUES (66, 15, 177, '2025-06-26', 'Lesson content 66 for Course 15');
INSERT INTO `lesson_plans` (`plan_id`, `course_id`, `professor_id`, `date`, `content`) VALUES (67, 6, 151, '2023-12-29', 'Lesson content 67 for Course 6');
INSERT INTO `lesson_plans` (`plan_id`, `course_id`, `professor_id`, `date`, `content`) VALUES (68, 6, 71, '2024-03-26', 'Lesson content 68 for Course 6');
INSERT INTO `lesson_plans` (`plan_id`, `course_id`, `professor_id`, `date`, `content`) VALUES (69, 28, 150, '2024-01-28', 'Lesson content 69 for Course 28');
INSERT INTO `lesson_plans` (`plan_id`, `course_id`, `professor_id`, `date`, `content`) VALUES (70, 34, 46, '2025-05-16', 'Lesson content 70 for Course 34');

#
# Dumping data for table 'mcat_chapters'
#

INSERT INTO `mcat_chapters` (`chapter_id`, `student_id`, `topic`, `status`, `last_reviewed`) VALUES (1, 46, 'Chapter 1 Topic', 'InProgress', '2025-12-04');
INSERT INTO `mcat_chapters` (`chapter_id`, `student_id`, `topic`, `status`, `last_reviewed`) VALUES (2, 9, 'Chapter 2 Topic', 'Completed', '2024-10-03');
INSERT INTO `mcat_chapters` (`chapter_id`, `student_id`, `topic`, `status`, `last_reviewed`) VALUES (3, 45, 'Chapter 3 Topic', 'Completed', '2023-07-12');
INSERT INTO `mcat_chapters` (`chapter_id`, `student_id`, `topic`, `status`, `last_reviewed`) VALUES (4, 31, 'Chapter 4 Topic', 'InProgress', '2024-03-07');
INSERT INTO `mcat_chapters` (`chapter_id`, `student_id`, `topic`, `status`, `last_reviewed`) VALUES (5, 47, 'Chapter 5 Topic', 'NotStarted', '2023-04-23');
INSERT INTO `mcat_chapters` (`chapter_id`, `student_id`, `topic`, `status`, `last_reviewed`) VALUES (6, 13, 'Chapter 6 Topic', 'InProgress', '2025-10-05');
INSERT INTO `mcat_chapters` (`chapter_id`, `student_id`, `topic`, `status`, `last_reviewed`) VALUES (7, 40, 'Chapter 7 Topic', 'NotStarted', '2025-08-21');
INSERT INTO `mcat_chapters` (`chapter_id`, `student_id`, `topic`, `status`, `last_reviewed`) VALUES (8, 1, 'Chapter 8 Topic', 'Completed', '2023-07-31');
INSERT INTO `mcat_chapters` (`chapter_id`, `student_id`, `topic`, `status`, `last_reviewed`) VALUES (9, 21, 'Chapter 9 Topic', 'Completed', '2024-09-29');
INSERT INTO `mcat_chapters` (`chapter_id`, `student_id`, `topic`, `status`, `last_reviewed`) VALUES (10, 55, 'Chapter 10 Topic', 'Completed', '2024-04-21');
INSERT INTO `mcat_chapters` (`chapter_id`, `student_id`, `topic`, `status`, `last_reviewed`) VALUES (11, 32, 'Chapter 11 Topic', 'InProgress', '2025-09-22');
INSERT INTO `mcat_chapters` (`chapter_id`, `student_id`, `topic`, `status`, `last_reviewed`) VALUES (12, 3, 'Chapter 12 Topic', 'NotStarted', '2024-09-28');
INSERT INTO `mcat_chapters` (`chapter_id`, `student_id`, `topic`, `status`, `last_reviewed`) VALUES (13, 45, 'Chapter 13 Topic', 'NotStarted', '2024-09-11');
INSERT INTO `mcat_chapters` (`chapter_id`, `student_id`, `topic`, `status`, `last_reviewed`) VALUES (14, 25, 'Chapter 14 Topic', 'NotStarted', '2025-04-01');
INSERT INTO `mcat_chapters` (`chapter_id`, `student_id`, `topic`, `status`, `last_reviewed`) VALUES (15, 10, 'Chapter 15 Topic', 'NotStarted', '2023-09-22');
INSERT INTO `mcat_chapters` (`chapter_id`, `student_id`, `topic`, `status`, `last_reviewed`) VALUES (16, 42, 'Chapter 16 Topic', 'Completed', '2025-07-29');
INSERT INTO `mcat_chapters` (`chapter_id`, `student_id`, `topic`, `status`, `last_reviewed`) VALUES (17, 18, 'Chapter 17 Topic', 'NotStarted', '2024-10-19');
INSERT INTO `mcat_chapters` (`chapter_id`, `student_id`, `topic`, `status`, `last_reviewed`) VALUES (18, 33, 'Chapter 18 Topic', 'Completed', '2023-09-07');
INSERT INTO `mcat_chapters` (`chapter_id`, `student_id`, `topic`, `status`, `last_reviewed`) VALUES (19, 28, 'Chapter 19 Topic', 'InProgress', '2025-06-08');
INSERT INTO `mcat_chapters` (`chapter_id`, `student_id`, `topic`, `status`, `last_reviewed`) VALUES (20, 3, 'Chapter 20 Topic', 'Completed', '2023-05-29');
INSERT INTO `mcat_chapters` (`chapter_id`, `student_id`, `topic`, `status`, `last_reviewed`) VALUES (21, 10, 'Chapter 21 Topic', 'NotStarted', '2023-05-20');
INSERT INTO `mcat_chapters` (`chapter_id`, `student_id`, `topic`, `status`, `last_reviewed`) VALUES (22, 6, 'Chapter 22 Topic', 'Completed', '2024-02-16');
INSERT INTO `mcat_chapters` (`chapter_id`, `student_id`, `topic`, `status`, `last_reviewed`) VALUES (23, 5, 'Chapter 23 Topic', 'InProgress', '2024-02-10');
INSERT INTO `mcat_chapters` (`chapter_id`, `student_id`, `topic`, `status`, `last_reviewed`) VALUES (24, 49, 'Chapter 24 Topic', 'InProgress', '2025-08-17');
INSERT INTO `mcat_chapters` (`chapter_id`, `student_id`, `topic`, `status`, `last_reviewed`) VALUES (25, 27, 'Chapter 25 Topic', 'InProgress', '2024-12-26');
INSERT INTO `mcat_chapters` (`chapter_id`, `student_id`, `topic`, `status`, `last_reviewed`) VALUES (26, 30, 'Chapter 26 Topic', 'Completed', '2024-10-05');
INSERT INTO `mcat_chapters` (`chapter_id`, `student_id`, `topic`, `status`, `last_reviewed`) VALUES (27, 11, 'Chapter 27 Topic', 'InProgress', '2024-10-26');
INSERT INTO `mcat_chapters` (`chapter_id`, `student_id`, `topic`, `status`, `last_reviewed`) VALUES (28, 25, 'Chapter 28 Topic', 'NotStarted', '2025-05-21');
INSERT INTO `mcat_chapters` (`chapter_id`, `student_id`, `topic`, `status`, `last_reviewed`) VALUES (29, 19, 'Chapter 29 Topic', 'InProgress', '2025-02-28');
INSERT INTO `mcat_chapters` (`chapter_id`, `student_id`, `topic`, `status`, `last_reviewed`) VALUES (30, 15, 'Chapter 30 Topic', 'NotStarted', '2025-02-25');
INSERT INTO `mcat_chapters` (`chapter_id`, `student_id`, `topic`, `status`, `last_reviewed`) VALUES (31, 27, 'Chapter 31 Topic', 'InProgress', '2023-06-20');
INSERT INTO `mcat_chapters` (`chapter_id`, `student_id`, `topic`, `status`, `last_reviewed`) VALUES (32, 30, 'Chapter 32 Topic', 'NotStarted', '2023-12-03');
INSERT INTO `mcat_chapters` (`chapter_id`, `student_id`, `topic`, `status`, `last_reviewed`) VALUES (33, 48, 'Chapter 33 Topic', 'InProgress', '2025-02-17');
INSERT INTO `mcat_chapters` (`chapter_id`, `student_id`, `topic`, `status`, `last_reviewed`) VALUES (34, 2, 'Chapter 34 Topic', 'NotStarted', '2025-06-11');
INSERT INTO `mcat_chapters` (`chapter_id`, `student_id`, `topic`, `status`, `last_reviewed`) VALUES (35, 47, 'Chapter 35 Topic', 'Completed', '2023-10-15');
INSERT INTO `mcat_chapters` (`chapter_id`, `student_id`, `topic`, `status`, `last_reviewed`) VALUES (36, 43, 'Chapter 36 Topic', 'InProgress', '2024-01-02');
INSERT INTO `mcat_chapters` (`chapter_id`, `student_id`, `topic`, `status`, `last_reviewed`) VALUES (37, 1, 'Chapter 37 Topic', 'Completed', '2025-10-11');
INSERT INTO `mcat_chapters` (`chapter_id`, `student_id`, `topic`, `status`, `last_reviewed`) VALUES (38, 42, 'Chapter 38 Topic', 'Completed', '2024-09-16');
INSERT INTO `mcat_chapters` (`chapter_id`, `student_id`, `topic`, `status`, `last_reviewed`) VALUES (39, 15, 'Chapter 39 Topic', 'NotStarted', '2023-05-10');
INSERT INTO `mcat_chapters` (`chapter_id`, `student_id`, `topic`, `status`, `last_reviewed`) VALUES (40, 41, 'Chapter 40 Topic', 'NotStarted', '2025-09-11');
INSERT INTO `mcat_chapters` (`chapter_id`, `student_id`, `topic`, `status`, `last_reviewed`) VALUES (41, 48, 'Chapter 41 Topic', 'Completed', '2024-10-09');
INSERT INTO `mcat_chapters` (`chapter_id`, `student_id`, `topic`, `status`, `last_reviewed`) VALUES (42, 5, 'Chapter 42 Topic', 'Completed', '2024-09-28');
INSERT INTO `mcat_chapters` (`chapter_id`, `student_id`, `topic`, `status`, `last_reviewed`) VALUES (43, 28, 'Chapter 43 Topic', 'InProgress', '2024-06-05');
INSERT INTO `mcat_chapters` (`chapter_id`, `student_id`, `topic`, `status`, `last_reviewed`) VALUES (44, 32, 'Chapter 44 Topic', 'InProgress', '2025-08-16');
INSERT INTO `mcat_chapters` (`chapter_id`, `student_id`, `topic`, `status`, `last_reviewed`) VALUES (45, 2, 'Chapter 45 Topic', 'NotStarted', '2025-04-22');
INSERT INTO `mcat_chapters` (`chapter_id`, `student_id`, `topic`, `status`, `last_reviewed`) VALUES (46, 5, 'Chapter 46 Topic', 'Completed', '2024-07-27');
INSERT INTO `mcat_chapters` (`chapter_id`, `student_id`, `topic`, `status`, `last_reviewed`) VALUES (47, 52, 'Chapter 47 Topic', 'Completed', '2025-02-06');
INSERT INTO `mcat_chapters` (`chapter_id`, `student_id`, `topic`, `status`, `last_reviewed`) VALUES (48, 16, 'Chapter 48 Topic', 'InProgress', '2023-10-11');
INSERT INTO `mcat_chapters` (`chapter_id`, `student_id`, `topic`, `status`, `last_reviewed`) VALUES (49, 16, 'Chapter 49 Topic', 'Completed', '2024-10-25');
INSERT INTO `mcat_chapters` (`chapter_id`, `student_id`, `topic`, `status`, `last_reviewed`) VALUES (50, 2, 'Chapter 50 Topic', 'NotStarted', '2024-12-12');
INSERT INTO `mcat_chapters` (`chapter_id`, `student_id`, `topic`, `status`, `last_reviewed`) VALUES (51, 36, 'Chapter 51 Topic', 'NotStarted', '2023-05-20');
INSERT INTO `mcat_chapters` (`chapter_id`, `student_id`, `topic`, `status`, `last_reviewed`) VALUES (52, 30, 'Chapter 52 Topic', 'Completed', '2025-03-09');
INSERT INTO `mcat_chapters` (`chapter_id`, `student_id`, `topic`, `status`, `last_reviewed`) VALUES (53, 36, 'Chapter 53 Topic', 'Completed', '2023-06-01');
INSERT INTO `mcat_chapters` (`chapter_id`, `student_id`, `topic`, `status`, `last_reviewed`) VALUES (54, 19, 'Chapter 54 Topic', 'NotStarted', '2023-04-22');
INSERT INTO `mcat_chapters` (`chapter_id`, `student_id`, `topic`, `status`, `last_reviewed`) VALUES (55, 33, 'Chapter 55 Topic', 'InProgress', '2023-04-05');
INSERT INTO `mcat_chapters` (`chapter_id`, `student_id`, `topic`, `status`, `last_reviewed`) VALUES (56, 27, 'Chapter 56 Topic', 'InProgress', '2023-01-20');
INSERT INTO `mcat_chapters` (`chapter_id`, `student_id`, `topic`, `status`, `last_reviewed`) VALUES (57, 4, 'Chapter 57 Topic', 'NotStarted', '2025-11-08');
INSERT INTO `mcat_chapters` (`chapter_id`, `student_id`, `topic`, `status`, `last_reviewed`) VALUES (58, 8, 'Chapter 58 Topic', 'Completed', '2025-05-27');
INSERT INTO `mcat_chapters` (`chapter_id`, `student_id`, `topic`, `status`, `last_reviewed`) VALUES (59, 22, 'Chapter 59 Topic', 'Completed', '2024-10-15');
INSERT INTO `mcat_chapters` (`chapter_id`, `student_id`, `topic`, `status`, `last_reviewed`) VALUES (60, 31, 'Chapter 60 Topic', 'InProgress', '2024-07-30');
INSERT INTO `mcat_chapters` (`chapter_id`, `student_id`, `topic`, `status`, `last_reviewed`) VALUES (61, 32, 'Chapter 61 Topic', 'Completed', '2023-03-04');
INSERT INTO `mcat_chapters` (`chapter_id`, `student_id`, `topic`, `status`, `last_reviewed`) VALUES (62, 19, 'Chapter 62 Topic', 'InProgress', '2024-08-26');
INSERT INTO `mcat_chapters` (`chapter_id`, `student_id`, `topic`, `status`, `last_reviewed`) VALUES (63, 18, 'Chapter 63 Topic', 'NotStarted', '2023-05-29');
INSERT INTO `mcat_chapters` (`chapter_id`, `student_id`, `topic`, `status`, `last_reviewed`) VALUES (64, 33, 'Chapter 64 Topic', 'InProgress', '2024-07-16');
INSERT INTO `mcat_chapters` (`chapter_id`, `student_id`, `topic`, `status`, `last_reviewed`) VALUES (65, 30, 'Chapter 65 Topic', 'NotStarted', '2024-09-09');
INSERT INTO `mcat_chapters` (`chapter_id`, `student_id`, `topic`, `status`, `last_reviewed`) VALUES (66, 17, 'Chapter 66 Topic', 'InProgress', '2024-03-14');
INSERT INTO `mcat_chapters` (`chapter_id`, `student_id`, `topic`, `status`, `last_reviewed`) VALUES (67, 21, 'Chapter 67 Topic', 'InProgress', '2024-03-05');
INSERT INTO `mcat_chapters` (`chapter_id`, `student_id`, `topic`, `status`, `last_reviewed`) VALUES (68, 3, 'Chapter 68 Topic', 'Completed', '2023-03-16');
INSERT INTO `mcat_chapters` (`chapter_id`, `student_id`, `topic`, `status`, `last_reviewed`) VALUES (69, 31, 'Chapter 69 Topic', 'NotStarted', '2024-12-14');
INSERT INTO `mcat_chapters` (`chapter_id`, `student_id`, `topic`, `status`, `last_reviewed`) VALUES (70, 48, 'Chapter 70 Topic', 'InProgress', '2025-04-08');

#
# Dumping data for table 'calendar_events'
#

INSERT INTO `calendar_events` (`calendar_event_id`, `description`, `date_time`, `type`, `user_id`) VALUES (1, 'Event 1', '2025-05-23 19:28:27.190323', 'Club', 23);
INSERT INTO `calendar_events` (`calendar_event_id`, `description`, `date_time`, `type`, `user_id`) VALUES (2, 'Event 2', '2025-10-03 19:28:27.190361', 'Club', 118);
INSERT INTO `calendar_events` (`calendar_event_id`, `description`, `date_time`, `type`, `user_id`) VALUES (3, 'Event 3', '2025-12-15 19:28:27.190381', 'Personal', 140);
INSERT INTO `calendar_events` (`calendar_event_id`, `description`, `date_time`, `type`, `user_id`) VALUES (4, 'Event 4', '2025-10-18 19:28:27.190396', 'Club', 93);
INSERT INTO `calendar_events` (`calendar_event_id`, `description`, `date_time`, `type`, `user_id`) VALUES (5, 'Event 5', '2025-12-02 19:28:27.190413', 'Class', 31);
INSERT INTO `calendar_events` (`calendar_event_id`, `description`, `date_time`, `type`, `user_id`) VALUES (6, 'Event 6', '2026-03-07 19:28:27.190428', 'Personal', 64);
INSERT INTO `calendar_events` (`calendar_event_id`, `description`, `date_time`, `type`, `user_id`) VALUES (7, 'Event 7', '2025-10-13 19:28:27.190442', 'Class', 156);
INSERT INTO `calendar_events` (`calendar_event_id`, `description`, `date_time`, `type`, `user_id`) VALUES (8, 'Event 8', '2025-05-27 19:28:27.190459', 'Class', 196);
INSERT INTO `calendar_events` (`calendar_event_id`, `description`, `date_time`, `type`, `user_id`) VALUES (9, 'Event 9', '2025-12-01 19:28:27.190475', 'Club', 181);
INSERT INTO `calendar_events` (`calendar_event_id`, `description`, `date_time`, `type`, `user_id`) VALUES (10, 'Event 10', '2025-12-23 19:28:27.190494', 'Class', 26);
INSERT INTO `calendar_events` (`calendar_event_id`, `description`, `date_time`, `type`, `user_id`) VALUES (11, 'Event 11', '2026-02-16 19:28:27.190508', 'Class', 42);
INSERT INTO `calendar_events` (`calendar_event_id`, `description`, `date_time`, `type`, `user_id`) VALUES (12, 'Event 12', '2025-11-17 19:28:27.190523', 'Personal', 165);
INSERT INTO `calendar_events` (`calendar_event_id`, `description`, `date_time`, `type`, `user_id`) VALUES (13, 'Event 13', '2025-07-25 19:28:27.190537', 'Club', 165);
INSERT INTO `calendar_events` (`calendar_event_id`, `description`, `date_time`, `type`, `user_id`) VALUES (14, 'Event 14', '2025-11-09 19:28:27.190554', 'Class', 197);
INSERT INTO `calendar_events` (`calendar_event_id`, `description`, `date_time`, `type`, `user_id`) VALUES (15, 'Event 15', '2026-02-11 19:28:27.190567', 'Personal', 68);
INSERT INTO `calendar_events` (`calendar_event_id`, `description`, `date_time`, `type`, `user_id`) VALUES (16, 'Event 16', '2025-10-30 19:28:27.190580', 'Club', 48);
INSERT INTO `calendar_events` (`calendar_event_id`, `description`, `date_time`, `type`, `user_id`) VALUES (17, 'Event 17', '2025-09-24 19:28:27.190597', 'Class', 37);
INSERT INTO `calendar_events` (`calendar_event_id`, `description`, `date_time`, `type`, `user_id`) VALUES (18, 'Event 18', '2025-06-20 19:28:27.190611', 'Club', 111);
INSERT INTO `calendar_events` (`calendar_event_id`, `description`, `date_time`, `type`, `user_id`) VALUES (19, 'Event 19', '2026-02-10 19:28:27.190627', 'Class', 167);
INSERT INTO `calendar_events` (`calendar_event_id`, `description`, `date_time`, `type`, `user_id`) VALUES (20, 'Event 20', '2026-01-29 19:28:27.190641', 'Club', 163);
INSERT INTO `calendar_events` (`calendar_event_id`, `description`, `date_time`, `type`, `user_id`) VALUES (21, 'Event 21', '2025-07-03 19:28:27.190657', 'Personal', 163);
INSERT INTO `calendar_events` (`calendar_event_id`, `description`, `date_time`, `type`, `user_id`) VALUES (22, 'Event 22', '2025-04-22 19:28:27.190671', 'Club', 132);
INSERT INTO `calendar_events` (`calendar_event_id`, `description`, `date_time`, `type`, `user_id`) VALUES (23, 'Event 23', '2025-05-29 19:28:27.190687', 'Class', 9);
INSERT INTO `calendar_events` (`calendar_event_id`, `description`, `date_time`, `type`, `user_id`) VALUES (24, 'Event 24', '2025-08-15 19:28:27.190701', 'Club', 32);
INSERT INTO `calendar_events` (`calendar_event_id`, `description`, `date_time`, `type`, `user_id`) VALUES (25, 'Event 25', '2025-09-28 19:28:27.190717', 'Personal', 90);
INSERT INTO `calendar_events` (`calendar_event_id`, `description`, `date_time`, `type`, `user_id`) VALUES (26, 'Event 26', '2025-05-03 19:28:27.190730', 'Club', 142);
INSERT INTO `calendar_events` (`calendar_event_id`, `description`, `date_time`, `type`, `user_id`) VALUES (27, 'Event 27', '2026-04-11 19:28:27.190746', 'Class', 134);
INSERT INTO `calendar_events` (`calendar_event_id`, `description`, `date_time`, `type`, `user_id`) VALUES (28, 'Event 28', '2025-10-11 19:28:27.190760', 'Personal', 103);
INSERT INTO `calendar_events` (`calendar_event_id`, `description`, `date_time`, `type`, `user_id`) VALUES (29, 'Event 29', '2025-05-16 19:28:27.190773', 'Club', 175);
INSERT INTO `calendar_events` (`calendar_event_id`, `description`, `date_time`, `type`, `user_id`) VALUES (30, 'Event 30', '2026-01-03 19:28:27.190789', 'Personal', 190);
INSERT INTO `calendar_events` (`calendar_event_id`, `description`, `date_time`, `type`, `user_id`) VALUES (31, 'Event 31', '2026-01-18 19:28:27.190802', 'Club', 115);
INSERT INTO `calendar_events` (`calendar_event_id`, `description`, `date_time`, `type`, `user_id`) VALUES (32, 'Event 32', '2025-10-06 19:28:27.190818', 'Personal', 2);
INSERT INTO `calendar_events` (`calendar_event_id`, `description`, `date_time`, `type`, `user_id`) VALUES (33, 'Event 33', '2025-11-20 19:28:27.190832', 'Club', 174);
INSERT INTO `calendar_events` (`calendar_event_id`, `description`, `date_time`, `type`, `user_id`) VALUES (34, 'Event 34', '2025-12-03 19:28:27.190848', 'Club', 72);
INSERT INTO `calendar_events` (`calendar_event_id`, `description`, `date_time`, `type`, `user_id`) VALUES (35, 'Event 35', '2026-02-17 19:28:27.190864', 'Personal', 151);
INSERT INTO `calendar_events` (`calendar_event_id`, `description`, `date_time`, `type`, `user_id`) VALUES (36, 'Event 36', '2025-08-13 19:28:27.190878', 'Club', 74);
INSERT INTO `calendar_events` (`calendar_event_id`, `description`, `date_time`, `type`, `user_id`) VALUES (37, 'Event 37', '2025-07-02 19:28:27.190894', 'Class', 57);
INSERT INTO `calendar_events` (`calendar_event_id`, `description`, `date_time`, `type`, `user_id`) VALUES (38, 'Event 38', '2025-11-14 19:28:27.190916', 'Club', 33);
INSERT INTO `calendar_events` (`calendar_event_id`, `description`, `date_time`, `type`, `user_id`) VALUES (39, 'Event 39', '2025-04-23 19:28:27.190952', 'Club', 14);
INSERT INTO `calendar_events` (`calendar_event_id`, `description`, `date_time`, `type`, `user_id`) VALUES (40, 'Event 40', '2025-09-19 19:28:27.190991', 'Personal', 99);
INSERT INTO `calendar_events` (`calendar_event_id`, `description`, `date_time`, `type`, `user_id`) VALUES (41, 'Event 41', '2025-07-14 19:28:27.191008', 'Club', 31);
INSERT INTO `calendar_events` (`calendar_event_id`, `description`, `date_time`, `type`, `user_id`) VALUES (42, 'Event 42', '2025-11-11 19:28:27.191025', 'Club', 168);
INSERT INTO `calendar_events` (`calendar_event_id`, `description`, `date_time`, `type`, `user_id`) VALUES (43, 'Event 43', '2025-12-10 19:28:27.191042', 'Class', 77);
INSERT INTO `calendar_events` (`calendar_event_id`, `description`, `date_time`, `type`, `user_id`) VALUES (44, 'Event 44', '2025-10-26 19:28:27.191055', 'Club', 196);
INSERT INTO `calendar_events` (`calendar_event_id`, `description`, `date_time`, `type`, `user_id`) VALUES (45, 'Event 45', '2025-07-31 19:28:27.191073', 'Class', 171);
INSERT INTO `calendar_events` (`calendar_event_id`, `description`, `date_time`, `type`, `user_id`) VALUES (46, 'Event 46', '2025-10-13 19:28:27.191098', 'Class', 129);
INSERT INTO `calendar_events` (`calendar_event_id`, `description`, `date_time`, `type`, `user_id`) VALUES (47, 'Event 47', '2025-04-26 19:28:27.191120', 'Class', 90);
INSERT INTO `calendar_events` (`calendar_event_id`, `description`, `date_time`, `type`, `user_id`) VALUES (48, 'Event 48', '2025-11-05 19:28:27.191135', 'Class', 183);
INSERT INTO `calendar_events` (`calendar_event_id`, `description`, `date_time`, `type`, `user_id`) VALUES (49, 'Event 49', '2025-08-24 19:28:27.191149', 'Club', 127);
INSERT INTO `calendar_events` (`calendar_event_id`, `description`, `date_time`, `type`, `user_id`) VALUES (50, 'Event 50', '2026-02-18 19:28:27.191166', 'Personal', 33);
INSERT INTO `calendar_events` (`calendar_event_id`, `description`, `date_time`, `type`, `user_id`) VALUES (51, 'Event 51', '2025-05-11 19:28:27.191180', 'Class', 27);
INSERT INTO `calendar_events` (`calendar_event_id`, `description`, `date_time`, `type`, `user_id`) VALUES (52, 'Event 52', '2025-08-03 19:28:27.191204', 'Personal', 74);
INSERT INTO `calendar_events` (`calendar_event_id`, `description`, `date_time`, `type`, `user_id`) VALUES (53, 'Event 53', '2025-07-11 19:28:27.191233', 'Class', 17);
INSERT INTO `calendar_events` (`calendar_event_id`, `description`, `date_time`, `type`, `user_id`) VALUES (54, 'Event 54', '2025-06-16 19:28:27.191261', 'Personal', 179);
INSERT INTO `calendar_events` (`calendar_event_id`, `description`, `date_time`, `type`, `user_id`) VALUES (55, 'Event 55', '2026-02-11 19:28:27.191287', 'Club', 178);
INSERT INTO `calendar_events` (`calendar_event_id`, `description`, `date_time`, `type`, `user_id`) VALUES (56, 'Event 56', '2025-07-23 19:28:27.191327', 'Personal', 82);
INSERT INTO `calendar_events` (`calendar_event_id`, `description`, `date_time`, `type`, `user_id`) VALUES (57, 'Event 57', '2026-01-20 19:28:27.191343', 'Class', 30);
INSERT INTO `calendar_events` (`calendar_event_id`, `description`, `date_time`, `type`, `user_id`) VALUES (58, 'Event 58', '2025-08-22 19:28:27.191356', 'Club', 133);
INSERT INTO `calendar_events` (`calendar_event_id`, `description`, `date_time`, `type`, `user_id`) VALUES (59, 'Event 59', '2026-03-21 19:28:27.191376', 'Club', 20);
INSERT INTO `calendar_events` (`calendar_event_id`, `description`, `date_time`, `type`, `user_id`) VALUES (60, 'Event 60', '2025-11-04 19:28:27.191412', 'Class', 169);
INSERT INTO `calendar_events` (`calendar_event_id`, `description`, `date_time`, `type`, `user_id`) VALUES (61, 'Event 61', '2025-07-03 19:28:27.191429', 'Club', 127);
INSERT INTO `calendar_events` (`calendar_event_id`, `description`, `date_time`, `type`, `user_id`) VALUES (62, 'Event 62', '2025-08-17 19:28:27.191445', 'Personal', 197);
INSERT INTO `calendar_events` (`calendar_event_id`, `description`, `date_time`, `type`, `user_id`) VALUES (63, 'Event 63', '2025-06-11 19:28:27.191459', 'Club', 181);
INSERT INTO `calendar_events` (`calendar_event_id`, `description`, `date_time`, `type`, `user_id`) VALUES (64, 'Event 64', '2025-07-25 19:28:27.191474', 'Personal', 121);
INSERT INTO `calendar_events` (`calendar_event_id`, `description`, `date_time`, `type`, `user_id`) VALUES (65, 'Event 65', '2026-01-14 19:28:27.191489', 'Personal', 196);
INSERT INTO `calendar_events` (`calendar_event_id`, `description`, `date_time`, `type`, `user_id`) VALUES (66, 'Event 66', '2025-05-16 19:28:27.191505', 'Class', 190);
INSERT INTO `calendar_events` (`calendar_event_id`, `description`, `date_time`, `type`, `user_id`) VALUES (67, 'Event 67', '2025-11-11 19:28:27.191519', 'Class', 154);
INSERT INTO `calendar_events` (`calendar_event_id`, `description`, `date_time`, `type`, `user_id`) VALUES (68, 'Event 68', '2025-10-27 19:28:27.191532', 'Club', 59);
INSERT INTO `calendar_events` (`calendar_event_id`, `description`, `date_time`, `type`, `user_id`) VALUES (69, 'Event 69', '2025-06-10 19:28:27.191548', 'Personal', 49);
INSERT INTO `calendar_events` (`calendar_event_id`, `description`, `date_time`, `type`, `user_id`) VALUES (70, 'Event 70', '2025-12-05 19:28:27.191561', 'Club', 158);

#
# Dumping data for table 'club_events'
#

INSERT INTO `club_events` (`club_event_id`, `name`, `location`, `date`) VALUES (1, 'Club Event 1', 'Room 455', '2025-05-23');
INSERT INTO `club_events` (`club_event_id`, `name`, `location`, `date`) VALUES (2, 'Club Event 2', 'Room 384', '2025-10-03');
INSERT INTO `club_events` (`club_event_id`, `name`, `location`, `date`) VALUES (4, 'Club Event 4', 'Room 442', '2025-10-18');
INSERT INTO `club_events` (`club_event_id`, `name`, `location`, `date`) VALUES (9, 'Club Event 9', 'Room 205', '2025-12-01');
INSERT INTO `club_events` (`club_event_id`, `name`, `location`, `date`) VALUES (13, 'Club Event 13', 'Room 419', '2025-07-25');
INSERT INTO `club_events` (`club_event_id`, `name`, `location`, `date`) VALUES (16, 'Club Event 16', 'Room 152', '2025-10-30');
INSERT INTO `club_events` (`club_event_id`, `name`, `location`, `date`) VALUES (18, 'Club Event 18', 'Room 437', '2025-06-20');
INSERT INTO `club_events` (`club_event_id`, `name`, `location`, `date`) VALUES (20, 'Club Event 20', 'Room 392', '2026-01-29');
INSERT INTO `club_events` (`club_event_id`, `name`, `location`, `date`) VALUES (22, 'Club Event 22', 'Room 471', '2025-04-22');
INSERT INTO `club_events` (`club_event_id`, `name`, `location`, `date`) VALUES (24, 'Club Event 24', 'Room 194', '2025-08-15');
INSERT INTO `club_events` (`club_event_id`, `name`, `location`, `date`) VALUES (26, 'Club Event 26', 'Room 423', '2025-05-03');
INSERT INTO `club_events` (`club_event_id`, `name`, `location`, `date`) VALUES (29, 'Club Event 29', 'Room 430', '2025-05-16');
INSERT INTO `club_events` (`club_event_id`, `name`, `location`, `date`) VALUES (31, 'Club Event 31', 'Room 482', '2026-01-18');
INSERT INTO `club_events` (`club_event_id`, `name`, `location`, `date`) VALUES (33, 'Club Event 33', 'Room 479', '2025-11-20');
INSERT INTO `club_events` (`club_event_id`, `name`, `location`, `date`) VALUES (34, 'Club Event 34', 'Room 143', '2025-12-03');
INSERT INTO `club_events` (`club_event_id`, `name`, `location`, `date`) VALUES (36, 'Club Event 36', 'Room 440', '2025-08-13');
INSERT INTO `club_events` (`club_event_id`, `name`, `location`, `date`) VALUES (38, 'Club Event 38', 'Room 324', '2025-11-14');
INSERT INTO `club_events` (`club_event_id`, `name`, `location`, `date`) VALUES (39, 'Club Event 39', 'Room 284', '2025-04-23');
INSERT INTO `club_events` (`club_event_id`, `name`, `location`, `date`) VALUES (41, 'Club Event 41', 'Room 245', '2025-07-14');
INSERT INTO `club_events` (`club_event_id`, `name`, `location`, `date`) VALUES (42, 'Club Event 42', 'Room 254', '2025-11-11');
INSERT INTO `club_events` (`club_event_id`, `name`, `location`, `date`) VALUES (44, 'Club Event 44', 'Room 352', '2025-10-26');
INSERT INTO `club_events` (`club_event_id`, `name`, `location`, `date`) VALUES (49, 'Club Event 49', 'Room 335', '2025-08-24');
INSERT INTO `club_events` (`club_event_id`, `name`, `location`, `date`) VALUES (55, 'Club Event 55', 'Room 237', '2026-02-11');
INSERT INTO `club_events` (`club_event_id`, `name`, `location`, `date`) VALUES (58, 'Club Event 58', 'Room 291', '2025-08-22');
INSERT INTO `club_events` (`club_event_id`, `name`, `location`, `date`) VALUES (59, 'Club Event 59', 'Room 376', '2026-03-21');
INSERT INTO `club_events` (`club_event_id`, `name`, `location`, `date`) VALUES (61, 'Club Event 61', 'Room 471', '2025-07-03');
INSERT INTO `club_events` (`club_event_id`, `name`, `location`, `date`) VALUES (63, 'Club Event 63', 'Room 368', '2025-06-11');
INSERT INTO `club_events` (`club_event_id`, `name`, `location`, `date`) VALUES (68, 'Club Event 68', 'Room 357', '2025-10-27');
INSERT INTO `club_events` (`club_event_id`, `name`, `location`, `date`) VALUES (70, 'Club Event 70', 'Room 461', '2025-12-05');

#
# Dumping data for table 'pre_med_requirements'
#

INSERT INTO `pre_med_requirements` (`req_id`, `student_id`, `description`, `status`, `target_date`) VALUES (1, 3, 'Requirement 1 for student 3', 'InProgress', '2025-08-21');
INSERT INTO `pre_med_requirements` (`req_id`, `student_id`, `description`, `status`, `target_date`) VALUES (2, 43, 'Requirement 2 for student 43', 'NotStarted', '2024-09-07');
INSERT INTO `pre_med_requirements` (`req_id`, `student_id`, `description`, `status`, `target_date`) VALUES (3, 28, 'Requirement 3 for student 28', 'InProgress', '2025-11-06');
INSERT INTO `pre_med_requirements` (`req_id`, `student_id`, `description`, `status`, `target_date`) VALUES (4, 27, 'Requirement 4 for student 27', 'NotStarted', '2023-11-16');
INSERT INTO `pre_med_requirements` (`req_id`, `student_id`, `description`, `status`, `target_date`) VALUES (5, 46, 'Requirement 5 for student 46', 'Completed', '2023-10-10');
INSERT INTO `pre_med_requirements` (`req_id`, `student_id`, `description`, `status`, `target_date`) VALUES (6, 30, 'Requirement 6 for student 30', 'Completed', '2025-06-16');
INSERT INTO `pre_med_requirements` (`req_id`, `student_id`, `description`, `status`, `target_date`) VALUES (7, 56, 'Requirement 7 for student 56', 'InProgress', '2024-09-25');
INSERT INTO `pre_med_requirements` (`req_id`, `student_id`, `description`, `status`, `target_date`) VALUES (8, 43, 'Requirement 8 for student 43', 'InProgress', '2025-01-22');
INSERT INTO `pre_med_requirements` (`req_id`, `student_id`, `description`, `status`, `target_date`) VALUES (9, 32, 'Requirement 9 for student 32', 'Completed', '2023-10-18');
INSERT INTO `pre_med_requirements` (`req_id`, `student_id`, `description`, `status`, `target_date`) VALUES (10, 33, 'Requirement 10 for student 33', 'InProgress', '2024-09-19');
INSERT INTO `pre_med_requirements` (`req_id`, `student_id`, `description`, `status`, `target_date`) VALUES (11, 11, 'Requirement 11 for student 11', 'NotStarted', '2025-07-27');
INSERT INTO `pre_med_requirements` (`req_id`, `student_id`, `description`, `status`, `target_date`) VALUES (12, 45, 'Requirement 12 for student 45', 'Completed', '2023-06-12');
INSERT INTO `pre_med_requirements` (`req_id`, `student_id`, `description`, `status`, `target_date`) VALUES (13, 17, 'Requirement 13 for student 17', 'InProgress', '2024-07-28');
INSERT INTO `pre_med_requirements` (`req_id`, `student_id`, `description`, `status`, `target_date`) VALUES (14, 15, 'Requirement 14 for student 15', 'InProgress', '2023-09-04');
INSERT INTO `pre_med_requirements` (`req_id`, `student_id`, `description`, `status`, `target_date`) VALUES (15, 51, 'Requirement 15 for student 51', 'Completed', '2024-10-04');
INSERT INTO `pre_med_requirements` (`req_id`, `student_id`, `description`, `status`, `target_date`) VALUES (16, 40, 'Requirement 16 for student 40', 'Completed', '2023-05-03');
INSERT INTO `pre_med_requirements` (`req_id`, `student_id`, `description`, `status`, `target_date`) VALUES (17, 15, 'Requirement 17 for student 15', 'NotStarted', '2025-05-29');
INSERT INTO `pre_med_requirements` (`req_id`, `student_id`, `description`, `status`, `target_date`) VALUES (18, 39, 'Requirement 18 for student 39', 'NotStarted', '2024-04-26');
INSERT INTO `pre_med_requirements` (`req_id`, `student_id`, `description`, `status`, `target_date`) VALUES (19, 43, 'Requirement 19 for student 43', 'Completed', '2025-03-26');
INSERT INTO `pre_med_requirements` (`req_id`, `student_id`, `description`, `status`, `target_date`) VALUES (20, 5, 'Requirement 20 for student 5', 'InProgress', '2025-03-26');
INSERT INTO `pre_med_requirements` (`req_id`, `student_id`, `description`, `status`, `target_date`) VALUES (21, 26, 'Requirement 21 for student 26', 'NotStarted', '2023-09-22');
INSERT INTO `pre_med_requirements` (`req_id`, `student_id`, `description`, `status`, `target_date`) VALUES (22, 32, 'Requirement 22 for student 32', 'NotStarted', '2023-03-05');
INSERT INTO `pre_med_requirements` (`req_id`, `student_id`, `description`, `status`, `target_date`) VALUES (23, 9, 'Requirement 23 for student 9', 'InProgress', '2025-11-21');
INSERT INTO `pre_med_requirements` (`req_id`, `student_id`, `description`, `status`, `target_date`) VALUES (24, 30, 'Requirement 24 for student 30', 'InProgress', '2023-12-29');
INSERT INTO `pre_med_requirements` (`req_id`, `student_id`, `description`, `status`, `target_date`) VALUES (25, 21, 'Requirement 25 for student 21', 'InProgress', '2024-01-20');
INSERT INTO `pre_med_requirements` (`req_id`, `student_id`, `description`, `status`, `target_date`) VALUES (26, 12, 'Requirement 26 for student 12', 'Completed', '2023-05-18');
INSERT INTO `pre_med_requirements` (`req_id`, `student_id`, `description`, `status`, `target_date`) VALUES (27, 54, 'Requirement 27 for student 54', 'InProgress', '2023-03-13');
INSERT INTO `pre_med_requirements` (`req_id`, `student_id`, `description`, `status`, `target_date`) VALUES (28, 5, 'Requirement 28 for student 5', 'Completed', '2025-03-11');
INSERT INTO `pre_med_requirements` (`req_id`, `student_id`, `description`, `status`, `target_date`) VALUES (29, 32, 'Requirement 29 for student 32', 'InProgress', '2025-04-10');
INSERT INTO `pre_med_requirements` (`req_id`, `student_id`, `description`, `status`, `target_date`) VALUES (30, 39, 'Requirement 30 for student 39', 'InProgress', '2025-10-04');
INSERT INTO `pre_med_requirements` (`req_id`, `student_id`, `description`, `status`, `target_date`) VALUES (31, 3, 'Requirement 31 for student 3', 'InProgress', '2024-04-05');
INSERT INTO `pre_med_requirements` (`req_id`, `student_id`, `description`, `status`, `target_date`) VALUES (32, 21, 'Requirement 32 for student 21', 'Completed', '2024-02-02');
INSERT INTO `pre_med_requirements` (`req_id`, `student_id`, `description`, `status`, `target_date`) VALUES (33, 2, 'Requirement 33 for student 2', 'Completed', '2023-01-17');
INSERT INTO `pre_med_requirements` (`req_id`, `student_id`, `description`, `status`, `target_date`) VALUES (34, 19, 'Requirement 34 for student 19', 'NotStarted', '2025-04-23');
INSERT INTO `pre_med_requirements` (`req_id`, `student_id`, `description`, `status`, `target_date`) VALUES (35, 22, 'Requirement 35 for student 22', 'InProgress', '2025-10-27');
INSERT INTO `pre_med_requirements` (`req_id`, `student_id`, `description`, `status`, `target_date`) VALUES (36, 29, 'Requirement 36 for student 29', 'InProgress', '2025-07-19');
INSERT INTO `pre_med_requirements` (`req_id`, `student_id`, `description`, `status`, `target_date`) VALUES (37, 1, 'Requirement 37 for student 1', 'InProgress', '2024-04-13');
INSERT INTO `pre_med_requirements` (`req_id`, `student_id`, `description`, `status`, `target_date`) VALUES (38, 33, 'Requirement 38 for student 33', 'NotStarted', '2024-12-02');
INSERT INTO `pre_med_requirements` (`req_id`, `student_id`, `description`, `status`, `target_date`) VALUES (39, 31, 'Requirement 39 for student 31', 'NotStarted', '2023-02-18');
INSERT INTO `pre_med_requirements` (`req_id`, `student_id`, `description`, `status`, `target_date`) VALUES (40, 56, 'Requirement 40 for student 56', 'Completed', '2023-06-26');
INSERT INTO `pre_med_requirements` (`req_id`, `student_id`, `description`, `status`, `target_date`) VALUES (41, 55, 'Requirement 41 for student 55', 'NotStarted', '2024-01-11');
INSERT INTO `pre_med_requirements` (`req_id`, `student_id`, `description`, `status`, `target_date`) VALUES (42, 6, 'Requirement 42 for student 6', 'NotStarted', '2024-11-08');
INSERT INTO `pre_med_requirements` (`req_id`, `student_id`, `description`, `status`, `target_date`) VALUES (43, 36, 'Requirement 43 for student 36', 'NotStarted', '2024-06-15');
INSERT INTO `pre_med_requirements` (`req_id`, `student_id`, `description`, `status`, `target_date`) VALUES (44, 50, 'Requirement 44 for student 50', 'InProgress', '2025-03-24');
INSERT INTO `pre_med_requirements` (`req_id`, `student_id`, `description`, `status`, `target_date`) VALUES (45, 30, 'Requirement 45 for student 30', 'Completed', '2024-03-31');
INSERT INTO `pre_med_requirements` (`req_id`, `student_id`, `description`, `status`, `target_date`) VALUES (46, 11, 'Requirement 46 for student 11', 'NotStarted', '2023-10-04');
INSERT INTO `pre_med_requirements` (`req_id`, `student_id`, `description`, `status`, `target_date`) VALUES (47, 25, 'Requirement 47 for student 25', 'NotStarted', '2025-06-25');
INSERT INTO `pre_med_requirements` (`req_id`, `student_id`, `description`, `status`, `target_date`) VALUES (48, 1, 'Requirement 48 for student 1', 'NotStarted', '2024-06-21');
INSERT INTO `pre_med_requirements` (`req_id`, `student_id`, `description`, `status`, `target_date`) VALUES (49, 48, 'Requirement 49 for student 48', 'InProgress', '2024-12-25');
INSERT INTO `pre_med_requirements` (`req_id`, `student_id`, `description`, `status`, `target_date`) VALUES (50, 51, 'Requirement 50 for student 51', 'NotStarted', '2024-01-17');
INSERT INTO `pre_med_requirements` (`req_id`, `student_id`, `description`, `status`, `target_date`) VALUES (51, 53, 'Requirement 51 for student 53', 'NotStarted', '2023-12-24');
INSERT INTO `pre_med_requirements` (`req_id`, `student_id`, `description`, `status`, `target_date`) VALUES (52, 53, 'Requirement 52 for student 53', 'InProgress', '2025-07-13');
INSERT INTO `pre_med_requirements` (`req_id`, `student_id`, `description`, `status`, `target_date`) VALUES (53, 5, 'Requirement 53 for student 5', 'InProgress', '2024-12-19');
INSERT INTO `pre_med_requirements` (`req_id`, `student_id`, `description`, `status`, `target_date`) VALUES (54, 24, 'Requirement 54 for student 24', 'Completed', '2024-04-23');
INSERT INTO `pre_med_requirements` (`req_id`, `student_id`, `description`, `status`, `target_date`) VALUES (55, 27, 'Requirement 55 for student 27', 'Completed', '2024-01-20');
INSERT INTO `pre_med_requirements` (`req_id`, `student_id`, `description`, `status`, `target_date`) VALUES (56, 38, 'Requirement 56 for student 38', 'Completed', '2024-02-04');
INSERT INTO `pre_med_requirements` (`req_id`, `student_id`, `description`, `status`, `target_date`) VALUES (57, 22, 'Requirement 57 for student 22', 'InProgress', '2024-08-29');
INSERT INTO `pre_med_requirements` (`req_id`, `student_id`, `description`, `status`, `target_date`) VALUES (58, 42, 'Requirement 58 for student 42', 'InProgress', '2023-10-19');
INSERT INTO `pre_med_requirements` (`req_id`, `student_id`, `description`, `status`, `target_date`) VALUES (59, 8, 'Requirement 59 for student 8', 'Completed', '2025-06-23');
INSERT INTO `pre_med_requirements` (`req_id`, `student_id`, `description`, `status`, `target_date`) VALUES (60, 10, 'Requirement 60 for student 10', 'NotStarted', '2024-03-29');
INSERT INTO `pre_med_requirements` (`req_id`, `student_id`, `description`, `status`, `target_date`) VALUES (61, 33, 'Requirement 61 for student 33', 'NotStarted', '2023-06-18');
INSERT INTO `pre_med_requirements` (`req_id`, `student_id`, `description`, `status`, `target_date`) VALUES (62, 2, 'Requirement 62 for student 2', 'InProgress', '2024-10-07');
INSERT INTO `pre_med_requirements` (`req_id`, `student_id`, `description`, `status`, `target_date`) VALUES (63, 23, 'Requirement 63 for student 23', 'NotStarted', '2025-12-21');
INSERT INTO `pre_med_requirements` (`req_id`, `student_id`, `description`, `status`, `target_date`) VALUES (64, 37, 'Requirement 64 for student 37', 'Completed', '2025-08-18');
INSERT INTO `pre_med_requirements` (`req_id`, `student_id`, `description`, `status`, `target_date`) VALUES (65, 50, 'Requirement 65 for student 50', 'Completed', '2025-07-05');
INSERT INTO `pre_med_requirements` (`req_id`, `student_id`, `description`, `status`, `target_date`) VALUES (66, 41, 'Requirement 66 for student 41', 'Completed', '2025-08-13');
INSERT INTO `pre_med_requirements` (`req_id`, `student_id`, `description`, `status`, `target_date`) VALUES (67, 49, 'Requirement 67 for student 49', 'Completed', '2023-01-30');
INSERT INTO `pre_med_requirements` (`req_id`, `student_id`, `description`, `status`, `target_date`) VALUES (68, 28, 'Requirement 68 for student 28', 'Completed', '2025-10-13');
INSERT INTO `pre_med_requirements` (`req_id`, `student_id`, `description`, `status`, `target_date`) VALUES (69, 30, 'Requirement 69 for student 30', 'Completed', '2023-08-23');
INSERT INTO `pre_med_requirements` (`req_id`, `student_id`, `description`, `status`, `target_date`) VALUES (70, 49, 'Requirement 70 for student 49', 'InProgress', '2023-06-19');

#
# Dumping data for table 'exams'
#

INSERT INTO `exams` (`exam_id`, `course_id`, `date`, `type`) VALUES (1, 9, '2025-10-22', 'Quiz');
INSERT INTO `exams` (`exam_id`, `course_id`, `date`, `type`) VALUES (2, 14, '2025-07-27', 'Midterm');
INSERT INTO `exams` (`exam_id`, `course_id`, `date`, `type`) VALUES (3, 28, '2024-05-12', 'Midterm');
INSERT INTO `exams` (`exam_id`, `course_id`, `date`, `type`) VALUES (4, 33, '2023-01-27', 'Midterm');
INSERT INTO `exams` (`exam_id`, `course_id`, `date`, `type`) VALUES (5, 49, '2023-03-29', 'Final');
INSERT INTO `exams` (`exam_id`, `course_id`, `date`, `type`) VALUES (6, 11, '2024-09-25', 'Final');
INSERT INTO `exams` (`exam_id`, `course_id`, `date`, `type`) VALUES (7, 29, '2023-12-25', 'Quiz');
INSERT INTO `exams` (`exam_id`, `course_id`, `date`, `type`) VALUES (8, 8, '2023-10-09', 'Quiz');
INSERT INTO `exams` (`exam_id`, `course_id`, `date`, `type`) VALUES (9, 22, '2025-08-14', 'Final');
INSERT INTO `exams` (`exam_id`, `course_id`, `date`, `type`) VALUES (10, 44, '2024-08-22', 'Midterm');
INSERT INTO `exams` (`exam_id`, `course_id`, `date`, `type`) VALUES (11, 8, '2023-04-27', 'Final');
INSERT INTO `exams` (`exam_id`, `course_id`, `date`, `type`) VALUES (12, 6, '2025-02-10', 'Final');
INSERT INTO `exams` (`exam_id`, `course_id`, `date`, `type`) VALUES (13, 32, '2024-01-08', 'Final');
INSERT INTO `exams` (`exam_id`, `course_id`, `date`, `type`) VALUES (14, 35, '2025-03-16', 'Midterm');
INSERT INTO `exams` (`exam_id`, `course_id`, `date`, `type`) VALUES (15, 6, '2025-12-23', 'Midterm');
INSERT INTO `exams` (`exam_id`, `course_id`, `date`, `type`) VALUES (16, 10, '2025-12-03', 'Midterm');
INSERT INTO `exams` (`exam_id`, `course_id`, `date`, `type`) VALUES (17, 48, '2024-10-22', 'Quiz');
INSERT INTO `exams` (`exam_id`, `course_id`, `date`, `type`) VALUES (18, 35, '2024-02-12', 'Final');
INSERT INTO `exams` (`exam_id`, `course_id`, `date`, `type`) VALUES (19, 12, '2023-08-08', 'Quiz');
INSERT INTO `exams` (`exam_id`, `course_id`, `date`, `type`) VALUES (20, 11, '2024-10-07', 'Quiz');
INSERT INTO `exams` (`exam_id`, `course_id`, `date`, `type`) VALUES (21, 31, '2025-10-31', 'Midterm');
INSERT INTO `exams` (`exam_id`, `course_id`, `date`, `type`) VALUES (22, 2, '2025-03-30', 'Midterm');
INSERT INTO `exams` (`exam_id`, `course_id`, `date`, `type`) VALUES (23, 23, '2024-10-30', 'Midterm');
INSERT INTO `exams` (`exam_id`, `course_id`, `date`, `type`) VALUES (24, 16, '2025-02-08', 'Final');
INSERT INTO `exams` (`exam_id`, `course_id`, `date`, `type`) VALUES (25, 42, '2023-03-10', 'Midterm');
INSERT INTO `exams` (`exam_id`, `course_id`, `date`, `type`) VALUES (26, 33, '2024-08-18', 'Midterm');
INSERT INTO `exams` (`exam_id`, `course_id`, `date`, `type`) VALUES (27, 23, '2024-08-12', 'Midterm');
INSERT INTO `exams` (`exam_id`, `course_id`, `date`, `type`) VALUES (28, 37, '2024-11-02', 'Final');
INSERT INTO `exams` (`exam_id`, `course_id`, `date`, `type`) VALUES (29, 2, '2025-10-11', 'Midterm');
INSERT INTO `exams` (`exam_id`, `course_id`, `date`, `type`) VALUES (30, 28, '2025-03-24', 'Midterm');
INSERT INTO `exams` (`exam_id`, `course_id`, `date`, `type`) VALUES (31, 10, '2024-08-14', 'Midterm');
INSERT INTO `exams` (`exam_id`, `course_id`, `date`, `type`) VALUES (32, 33, '2024-06-27', 'Midterm');
INSERT INTO `exams` (`exam_id`, `course_id`, `date`, `type`) VALUES (33, 37, '2023-08-19', 'Midterm');
INSERT INTO `exams` (`exam_id`, `course_id`, `date`, `type`) VALUES (34, 26, '2025-07-31', 'Quiz');
INSERT INTO `exams` (`exam_id`, `course_id`, `date`, `type`) VALUES (35, 3, '2023-03-19', 'Midterm');
INSERT INTO `exams` (`exam_id`, `course_id`, `date`, `type`) VALUES (36, 40, '2024-07-23', 'Midterm');
INSERT INTO `exams` (`exam_id`, `course_id`, `date`, `type`) VALUES (37, 26, '2023-12-22', 'Midterm');
INSERT INTO `exams` (`exam_id`, `course_id`, `date`, `type`) VALUES (38, 1, '2023-08-26', 'Quiz');
INSERT INTO `exams` (`exam_id`, `course_id`, `date`, `type`) VALUES (39, 42, '2024-09-15', 'Final');
INSERT INTO `exams` (`exam_id`, `course_id`, `date`, `type`) VALUES (40, 42, '2024-01-29', 'Final');
INSERT INTO `exams` (`exam_id`, `course_id`, `date`, `type`) VALUES (41, 48, '2023-12-05', 'Midterm');
INSERT INTO `exams` (`exam_id`, `course_id`, `date`, `type`) VALUES (42, 37, '2025-01-18', 'Quiz');
INSERT INTO `exams` (`exam_id`, `course_id`, `date`, `type`) VALUES (43, 46, '2024-09-16', 'Midterm');
INSERT INTO `exams` (`exam_id`, `course_id`, `date`, `type`) VALUES (44, 24, '2025-03-24', 'Final');
INSERT INTO `exams` (`exam_id`, `course_id`, `date`, `type`) VALUES (45, 36, '2023-10-12', 'Quiz');
INSERT INTO `exams` (`exam_id`, `course_id`, `date`, `type`) VALUES (46, 47, '2025-11-10', 'Midterm');
INSERT INTO `exams` (`exam_id`, `course_id`, `date`, `type`) VALUES (47, 25, '2024-08-07', 'Final');
INSERT INTO `exams` (`exam_id`, `course_id`, `date`, `type`) VALUES (48, 31, '2025-01-10', 'Final');
INSERT INTO `exams` (`exam_id`, `course_id`, `date`, `type`) VALUES (49, 15, '2025-09-18', 'Final');
INSERT INTO `exams` (`exam_id`, `course_id`, `date`, `type`) VALUES (50, 32, '2023-02-04', 'Midterm');
INSERT INTO `exams` (`exam_id`, `course_id`, `date`, `type`) VALUES (51, 21, '2024-12-06', 'Final');
INSERT INTO `exams` (`exam_id`, `course_id`, `date`, `type`) VALUES (52, 39, '2023-07-10', 'Midterm');
INSERT INTO `exams` (`exam_id`, `course_id`, `date`, `type`) VALUES (53, 13, '2023-06-19', 'Midterm');
INSERT INTO `exams` (`exam_id`, `course_id`, `date`, `type`) VALUES (54, 23, '2024-03-03', 'Final');
INSERT INTO `exams` (`exam_id`, `course_id`, `date`, `type`) VALUES (55, 6, '2023-03-13', 'Final');
INSERT INTO `exams` (`exam_id`, `course_id`, `date`, `type`) VALUES (56, 22, '2023-01-16', 'Midterm');
INSERT INTO `exams` (`exam_id`, `course_id`, `date`, `type`) VALUES (57, 31, '2025-04-02', 'Quiz');
INSERT INTO `exams` (`exam_id`, `course_id`, `date`, `type`) VALUES (58, 40, '2024-01-05', 'Quiz');
INSERT INTO `exams` (`exam_id`, `course_id`, `date`, `type`) VALUES (59, 44, '2025-01-30', 'Midterm');
INSERT INTO `exams` (`exam_id`, `course_id`, `date`, `type`) VALUES (60, 21, '2024-12-21', 'Midterm');
INSERT INTO `exams` (`exam_id`, `course_id`, `date`, `type`) VALUES (61, 49, '2023-07-25', 'Midterm');
INSERT INTO `exams` (`exam_id`, `course_id`, `date`, `type`) VALUES (62, 16, '2025-02-23', 'Final');
INSERT INTO `exams` (`exam_id`, `course_id`, `date`, `type`) VALUES (63, 36, '2024-07-25', 'Quiz');
INSERT INTO `exams` (`exam_id`, `course_id`, `date`, `type`) VALUES (64, 6, '2025-02-24', 'Final');
INSERT INTO `exams` (`exam_id`, `course_id`, `date`, `type`) VALUES (65, 11, '2025-11-05', 'Midterm');
INSERT INTO `exams` (`exam_id`, `course_id`, `date`, `type`) VALUES (66, 21, '2024-12-16', 'Final');
INSERT INTO `exams` (`exam_id`, `course_id`, `date`, `type`) VALUES (67, 25, '2024-06-25', 'Quiz');
INSERT INTO `exams` (`exam_id`, `course_id`, `date`, `type`) VALUES (68, 20, '2025-03-03', 'Quiz');
INSERT INTO `exams` (`exam_id`, `course_id`, `date`, `type`) VALUES (69, 49, '2025-06-07', 'Final');
INSERT INTO `exams` (`exam_id`, `course_id`, `date`, `type`) VALUES (70, 33, '2024-06-08', 'Midterm');

#
# Dumping data for table 'system_commands'
#

INSERT INTO `system_commands` (`system_id`, `version`, `status`) VALUES (1, 'v1.0', 'Maintenance');
INSERT INTO `system_commands` (`system_id`, `version`, `status`) VALUES (2, 'v2.0', 'Maintenance');
INSERT INTO `system_commands` (`system_id`, `version`, `status`) VALUES (3, 'v3.0', 'Active');
INSERT INTO `system_commands` (`system_id`, `version`, `status`) VALUES (4, 'v4.0', 'Active');
INSERT INTO `system_commands` (`system_id`, `version`, `status`) VALUES (5, 'v5.0', 'Active');
INSERT INTO `system_commands` (`system_id`, `version`, `status`) VALUES (6, 'v6.0', 'Active');
INSERT INTO `system_commands` (`system_id`, `version`, `status`) VALUES (7, 'v7.0', 'Maintenance');
INSERT INTO `system_commands` (`system_id`, `version`, `status`) VALUES (8, 'v8.0', 'Active');
INSERT INTO `system_commands` (`system_id`, `version`, `status`) VALUES (9, 'v9.0', 'Maintenance');
INSERT INTO `system_commands` (`system_id`, `version`, `status`) VALUES (10, 'v10.0', 'Active');
INSERT INTO `system_commands` (`system_id`, `version`, `status`) VALUES (11, 'v11.0', 'Active');
INSERT INTO `system_commands` (`system_id`, `version`, `status`) VALUES (12, 'v12.0', 'Maintenance');
INSERT INTO `system_commands` (`system_id`, `version`, `status`) VALUES (13, 'v13.0', 'Maintenance');
INSERT INTO `system_commands` (`system_id`, `version`, `status`) VALUES (14, 'v14.0', 'Maintenance');
INSERT INTO `system_commands` (`system_id`, `version`, `status`) VALUES (15, 'v15.0', 'Active');
INSERT INTO `system_commands` (`system_id`, `version`, `status`) VALUES (16, 'v16.0', 'Active');
INSERT INTO `system_commands` (`system_id`, `version`, `status`) VALUES (17, 'v17.0', 'Active');
INSERT INTO `system_commands` (`system_id`, `version`, `status`) VALUES (18, 'v18.0', 'Active');
INSERT INTO `system_commands` (`system_id`, `version`, `status`) VALUES (19, 'v19.0', 'Active');
INSERT INTO `system_commands` (`system_id`, `version`, `status`) VALUES (20, 'v20.0', 'Active');
INSERT INTO `system_commands` (`system_id`, `version`, `status`) VALUES (21, 'v21.0', 'Active');
INSERT INTO `system_commands` (`system_id`, `version`, `status`) VALUES (22, 'v22.0', 'Active');
INSERT INTO `system_commands` (`system_id`, `version`, `status`) VALUES (23, 'v23.0', 'Active');
INSERT INTO `system_commands` (`system_id`, `version`, `status`) VALUES (24, 'v24.0', 'Active');
INSERT INTO `system_commands` (`system_id`, `version`, `status`) VALUES (25, 'v25.0', 'Maintenance');
INSERT INTO `system_commands` (`system_id`, `version`, `status`) VALUES (26, 'v26.0', 'Active');
INSERT INTO `system_commands` (`system_id`, `version`, `status`) VALUES (27, 'v27.0', 'Active');
INSERT INTO `system_commands` (`system_id`, `version`, `status`) VALUES (28, 'v28.0', 'Maintenance');
INSERT INTO `system_commands` (`system_id`, `version`, `status`) VALUES (29, 'v29.0', 'Active');
INSERT INTO `system_commands` (`system_id`, `version`, `status`) VALUES (30, 'v30.0', 'Active');
INSERT INTO `system_commands` (`system_id`, `version`, `status`) VALUES (31, 'v31.0', 'Active');
INSERT INTO `system_commands` (`system_id`, `version`, `status`) VALUES (32, 'v32.0', 'Active');
INSERT INTO `system_commands` (`system_id`, `version`, `status`) VALUES (33, 'v33.0', 'Maintenance');
INSERT INTO `system_commands` (`system_id`, `version`, `status`) VALUES (34, 'v34.0', 'Maintenance');
INSERT INTO `system_commands` (`system_id`, `version`, `status`) VALUES (35, 'v35.0', 'Maintenance');
INSERT INTO `system_commands` (`system_id`, `version`, `status`) VALUES (36, 'v36.0', 'Maintenance');
INSERT INTO `system_commands` (`system_id`, `version`, `status`) VALUES (37, 'v37.0', 'Active');
INSERT INTO `system_commands` (`system_id`, `version`, `status`) VALUES (38, 'v38.0', 'Active');
INSERT INTO `system_commands` (`system_id`, `version`, `status`) VALUES (39, 'v39.0', 'Maintenance');
INSERT INTO `system_commands` (`system_id`, `version`, `status`) VALUES (40, 'v40.0', 'Maintenance');
INSERT INTO `system_commands` (`system_id`, `version`, `status`) VALUES (41, 'v41.0', 'Active');
INSERT INTO `system_commands` (`system_id`, `version`, `status`) VALUES (42, 'v42.0', 'Maintenance');
INSERT INTO `system_commands` (`system_id`, `version`, `status`) VALUES (43, 'v43.0', 'Maintenance');
INSERT INTO `system_commands` (`system_id`, `version`, `status`) VALUES (44, 'v44.0', 'Maintenance');
INSERT INTO `system_commands` (`system_id`, `version`, `status`) VALUES (45, 'v45.0', 'Active');
INSERT INTO `system_commands` (`system_id`, `version`, `status`) VALUES (46, 'v46.0', 'Active');
INSERT INTO `system_commands` (`system_id`, `version`, `status`) VALUES (47, 'v47.0', 'Maintenance');
INSERT INTO `system_commands` (`system_id`, `version`, `status`) VALUES (48, 'v48.0', 'Active');
INSERT INTO `system_commands` (`system_id`, `version`, `status`) VALUES (49, 'v49.0', 'Active');
INSERT INTO `system_commands` (`system_id`, `version`, `status`) VALUES (50, 'v50.0', 'Active');

#
# Dumping data for table 'cache_data'
#

INSERT INTO `cache_data` (`cache_id`, `system_id`, `date`, `data_type`) VALUES (1, 1, '2024-08-04', 'Type 5');
INSERT INTO `cache_data` (`cache_id`, `system_id`, `date`, `data_type`) VALUES (2, 2, '2023-03-01', 'Type 4');
INSERT INTO `cache_data` (`cache_id`, `system_id`, `date`, `data_type`) VALUES (3, 3, '2025-03-16', 'Type 3');
INSERT INTO `cache_data` (`cache_id`, `system_id`, `date`, `data_type`) VALUES (4, 4, '2025-11-03', 'Type 2');
INSERT INTO `cache_data` (`cache_id`, `system_id`, `date`, `data_type`) VALUES (5, 5, '2024-01-10', 'Type 3');
INSERT INTO `cache_data` (`cache_id`, `system_id`, `date`, `data_type`) VALUES (6, 6, '2025-06-05', 'Type 3');
INSERT INTO `cache_data` (`cache_id`, `system_id`, `date`, `data_type`) VALUES (7, 7, '2023-11-14', 'Type 1');
INSERT INTO `cache_data` (`cache_id`, `system_id`, `date`, `data_type`) VALUES (8, 8, '2025-09-29', 'Type 2');
INSERT INTO `cache_data` (`cache_id`, `system_id`, `date`, `data_type`) VALUES (9, 9, '2023-01-13', 'Type 5');
INSERT INTO `cache_data` (`cache_id`, `system_id`, `date`, `data_type`) VALUES (10, 10, '2025-01-06', 'Type 2');
INSERT INTO `cache_data` (`cache_id`, `system_id`, `date`, `data_type`) VALUES (11, 11, '2025-01-31', 'Type 5');
INSERT INTO `cache_data` (`cache_id`, `system_id`, `date`, `data_type`) VALUES (12, 12, '2025-01-26', 'Type 4');
INSERT INTO `cache_data` (`cache_id`, `system_id`, `date`, `data_type`) VALUES (13, 13, '2025-04-10', 'Type 1');
INSERT INTO `cache_data` (`cache_id`, `system_id`, `date`, `data_type`) VALUES (14, 14, '2023-09-12', 'Type 2');
INSERT INTO `cache_data` (`cache_id`, `system_id`, `date`, `data_type`) VALUES (15, 15, '2025-05-09', 'Type 4');
INSERT INTO `cache_data` (`cache_id`, `system_id`, `date`, `data_type`) VALUES (16, 16, '2024-08-22', 'Type 3');
INSERT INTO `cache_data` (`cache_id`, `system_id`, `date`, `data_type`) VALUES (17, 17, '2024-05-09', 'Type 4');
INSERT INTO `cache_data` (`cache_id`, `system_id`, `date`, `data_type`) VALUES (18, 18, '2024-02-24', 'Type 2');
INSERT INTO `cache_data` (`cache_id`, `system_id`, `date`, `data_type`) VALUES (19, 19, '2023-03-13', 'Type 1');
INSERT INTO `cache_data` (`cache_id`, `system_id`, `date`, `data_type`) VALUES (20, 20, '2025-01-08', 'Type 1');
INSERT INTO `cache_data` (`cache_id`, `system_id`, `date`, `data_type`) VALUES (21, 21, '2024-12-12', 'Type 5');
INSERT INTO `cache_data` (`cache_id`, `system_id`, `date`, `data_type`) VALUES (22, 22, '2023-03-03', 'Type 3');
INSERT INTO `cache_data` (`cache_id`, `system_id`, `date`, `data_type`) VALUES (23, 23, '2024-04-28', 'Type 1');
INSERT INTO `cache_data` (`cache_id`, `system_id`, `date`, `data_type`) VALUES (24, 24, '2024-11-10', 'Type 3');
INSERT INTO `cache_data` (`cache_id`, `system_id`, `date`, `data_type`) VALUES (25, 25, '2023-09-03', 'Type 2');
INSERT INTO `cache_data` (`cache_id`, `system_id`, `date`, `data_type`) VALUES (26, 26, '2025-02-03', 'Type 1');
INSERT INTO `cache_data` (`cache_id`, `system_id`, `date`, `data_type`) VALUES (27, 27, '2025-02-20', 'Type 3');
INSERT INTO `cache_data` (`cache_id`, `system_id`, `date`, `data_type`) VALUES (28, 28, '2023-08-23', 'Type 1');
INSERT INTO `cache_data` (`cache_id`, `system_id`, `date`, `data_type`) VALUES (29, 29, '2024-12-17', 'Type 3');
INSERT INTO `cache_data` (`cache_id`, `system_id`, `date`, `data_type`) VALUES (30, 30, '2025-08-25', 'Type 3');
INSERT INTO `cache_data` (`cache_id`, `system_id`, `date`, `data_type`) VALUES (31, 31, '2025-12-18', 'Type 2');
INSERT INTO `cache_data` (`cache_id`, `system_id`, `date`, `data_type`) VALUES (32, 32, '2024-12-18', 'Type 3');
INSERT INTO `cache_data` (`cache_id`, `system_id`, `date`, `data_type`) VALUES (33, 33, '2025-05-07', 'Type 3');
INSERT INTO `cache_data` (`cache_id`, `system_id`, `date`, `data_type`) VALUES (34, 34, '2025-10-10', 'Type 5');
INSERT INTO `cache_data` (`cache_id`, `system_id`, `date`, `data_type`) VALUES (35, 35, '2023-12-08', 'Type 4');
INSERT INTO `cache_data` (`cache_id`, `system_id`, `date`, `data_type`) VALUES (36, 36, '2023-03-23', 'Type 1');
INSERT INTO `cache_data` (`cache_id`, `system_id`, `date`, `data_type`) VALUES (37, 37, '2025-02-21', 'Type 4');
INSERT INTO `cache_data` (`cache_id`, `system_id`, `date`, `data_type`) VALUES (38, 38, '2023-10-04', 'Type 3');
INSERT INTO `cache_data` (`cache_id`, `system_id`, `date`, `data_type`) VALUES (39, 39, '2025-11-30', 'Type 3');
INSERT INTO `cache_data` (`cache_id`, `system_id`, `date`, `data_type`) VALUES (40, 40, '2023-12-15', 'Type 5');
INSERT INTO `cache_data` (`cache_id`, `system_id`, `date`, `data_type`) VALUES (41, 41, '2025-04-07', 'Type 3');
INSERT INTO `cache_data` (`cache_id`, `system_id`, `date`, `data_type`) VALUES (42, 42, '2025-01-21', 'Type 5');
INSERT INTO `cache_data` (`cache_id`, `system_id`, `date`, `data_type`) VALUES (43, 43, '2023-05-18', 'Type 4');
INSERT INTO `cache_data` (`cache_id`, `system_id`, `date`, `data_type`) VALUES (44, 44, '2023-03-21', 'Type 1');
INSERT INTO `cache_data` (`cache_id`, `system_id`, `date`, `data_type`) VALUES (45, 45, '2025-02-21', 'Type 1');
INSERT INTO `cache_data` (`cache_id`, `system_id`, `date`, `data_type`) VALUES (46, 46, '2025-04-26', 'Type 2');
INSERT INTO `cache_data` (`cache_id`, `system_id`, `date`, `data_type`) VALUES (47, 47, '2023-08-05', 'Type 3');
INSERT INTO `cache_data` (`cache_id`, `system_id`, `date`, `data_type`) VALUES (48, 48, '2025-10-30', 'Type 2');
INSERT INTO `cache_data` (`cache_id`, `system_id`, `date`, `data_type`) VALUES (49, 49, '2025-05-28', 'Type 4');
INSERT INTO `cache_data` (`cache_id`, `system_id`, `date`, `data_type`) VALUES (50, 50, '2024-12-31', 'Type 5');

#
# Dumping data for table 'system_update'
#

INSERT INTO `system_update` (`update_id`, `type`, `release_date`) VALUES (1, 'Patch 1', '2025-04-27');
INSERT INTO `system_update` (`update_id`, `type`, `release_date`) VALUES (2, 'Patch 2', '2024-11-21');
INSERT INTO `system_update` (`update_id`, `type`, `release_date`) VALUES (3, 'Patch 3', '2024-01-04');
INSERT INTO `system_update` (`update_id`, `type`, `release_date`) VALUES (4, 'Patch 4', '2025-11-16');
INSERT INTO `system_update` (`update_id`, `type`, `release_date`) VALUES (5, 'Patch 5', '2025-08-30');
INSERT INTO `system_update` (`update_id`, `type`, `release_date`) VALUES (6, 'Patch 6', '2024-07-17');
INSERT INTO `system_update` (`update_id`, `type`, `release_date`) VALUES (7, 'Patch 7', '2024-09-10');
INSERT INTO `system_update` (`update_id`, `type`, `release_date`) VALUES (8, 'Patch 8', '2025-10-23');
INSERT INTO `system_update` (`update_id`, `type`, `release_date`) VALUES (9, 'Patch 9', '2025-09-23');
INSERT INTO `system_update` (`update_id`, `type`, `release_date`) VALUES (10, 'Patch 10', '2025-12-24');
INSERT INTO `system_update` (`update_id`, `type`, `release_date`) VALUES (11, 'Patch 11', '2025-05-21');
INSERT INTO `system_update` (`update_id`, `type`, `release_date`) VALUES (12, 'Patch 12', '2023-08-10');
INSERT INTO `system_update` (`update_id`, `type`, `release_date`) VALUES (13, 'Patch 13', '2024-10-21');
INSERT INTO `system_update` (`update_id`, `type`, `release_date`) VALUES (14, 'Patch 14', '2023-12-07');
INSERT INTO `system_update` (`update_id`, `type`, `release_date`) VALUES (15, 'Patch 15', '2024-02-15');
INSERT INTO `system_update` (`update_id`, `type`, `release_date`) VALUES (16, 'Patch 16', '2024-12-19');
INSERT INTO `system_update` (`update_id`, `type`, `release_date`) VALUES (17, 'Patch 17', '2025-12-19');
INSERT INTO `system_update` (`update_id`, `type`, `release_date`) VALUES (18, 'Patch 18', '2025-02-03');
INSERT INTO `system_update` (`update_id`, `type`, `release_date`) VALUES (19, 'Patch 19', '2023-11-15');
INSERT INTO `system_update` (`update_id`, `type`, `release_date`) VALUES (20, 'Patch 20', '2023-03-18');
INSERT INTO `system_update` (`update_id`, `type`, `release_date`) VALUES (21, 'Patch 21', '2023-09-28');
INSERT INTO `system_update` (`update_id`, `type`, `release_date`) VALUES (22, 'Patch 22', '2025-01-11');
INSERT INTO `system_update` (`update_id`, `type`, `release_date`) VALUES (23, 'Patch 23', '2025-07-19');
INSERT INTO `system_update` (`update_id`, `type`, `release_date`) VALUES (24, 'Patch 24', '2025-01-17');
INSERT INTO `system_update` (`update_id`, `type`, `release_date`) VALUES (25, 'Patch 25', '2024-03-01');
INSERT INTO `system_update` (`update_id`, `type`, `release_date`) VALUES (26, 'Patch 26', '2024-07-18');
INSERT INTO `system_update` (`update_id`, `type`, `release_date`) VALUES (27, 'Patch 27', '2024-02-19');
INSERT INTO `system_update` (`update_id`, `type`, `release_date`) VALUES (28, 'Patch 28', '2025-10-12');
INSERT INTO `system_update` (`update_id`, `type`, `release_date`) VALUES (29, 'Patch 29', '2024-09-10');
INSERT INTO `system_update` (`update_id`, `type`, `release_date`) VALUES (30, 'Patch 30', '2024-01-27');
INSERT INTO `system_update` (`update_id`, `type`, `release_date`) VALUES (31, 'Patch 31', '2023-03-21');
INSERT INTO `system_update` (`update_id`, `type`, `release_date`) VALUES (32, 'Patch 32', '2024-09-20');
INSERT INTO `system_update` (`update_id`, `type`, `release_date`) VALUES (33, 'Patch 33', '2025-10-18');
INSERT INTO `system_update` (`update_id`, `type`, `release_date`) VALUES (34, 'Patch 34', '2024-11-26');
INSERT INTO `system_update` (`update_id`, `type`, `release_date`) VALUES (35, 'Patch 35', '2024-06-24');
INSERT INTO `system_update` (`update_id`, `type`, `release_date`) VALUES (36, 'Patch 36', '2023-03-13');
INSERT INTO `system_update` (`update_id`, `type`, `release_date`) VALUES (37, 'Patch 37', '2023-08-24');
INSERT INTO `system_update` (`update_id`, `type`, `release_date`) VALUES (38, 'Patch 38', '2025-12-28');
INSERT INTO `system_update` (`update_id`, `type`, `release_date`) VALUES (39, 'Patch 39', '2023-01-08');
INSERT INTO `system_update` (`update_id`, `type`, `release_date`) VALUES (40, 'Patch 40', '2024-03-14');
INSERT INTO `system_update` (`update_id`, `type`, `release_date`) VALUES (41, 'Patch 41', '2023-06-04');
INSERT INTO `system_update` (`update_id`, `type`, `release_date`) VALUES (42, 'Patch 42', '2025-01-09');
INSERT INTO `system_update` (`update_id`, `type`, `release_date`) VALUES (43, 'Patch 43', '2025-03-21');
INSERT INTO `system_update` (`update_id`, `type`, `release_date`) VALUES (44, 'Patch 44', '2023-09-23');
INSERT INTO `system_update` (`update_id`, `type`, `release_date`) VALUES (45, 'Patch 45', '2023-06-13');
INSERT INTO `system_update` (`update_id`, `type`, `release_date`) VALUES (46, 'Patch 46', '2025-01-06');
INSERT INTO `system_update` (`update_id`, `type`, `release_date`) VALUES (47, 'Patch 47', '2025-05-31');
INSERT INTO `system_update` (`update_id`, `type`, `release_date`) VALUES (48, 'Patch 48', '2025-12-24');
INSERT INTO `system_update` (`update_id`, `type`, `release_date`) VALUES (49, 'Patch 49', '2023-11-09');
INSERT INTO `system_update` (`update_id`, `type`, `release_date`) VALUES (50, 'Patch 50', '2023-10-25');

#
# Dumping data for table 'issues'
#

INSERT INTO `issues` (`issue_id`, `date`, `type`, `description`) VALUES (1, '2024-02-03', 'Issue Type 2', 'Issue 1 description');
INSERT INTO `issues` (`issue_id`, `date`, `type`, `description`) VALUES (2, '2023-02-22', 'Issue Type 3', 'Issue 2 description');
INSERT INTO `issues` (`issue_id`, `date`, `type`, `description`) VALUES (3, '2023-12-20', 'Issue Type 2', 'Issue 3 description');
INSERT INTO `issues` (`issue_id`, `date`, `type`, `description`) VALUES (4, '2025-11-29', 'Issue Type 4', 'Issue 4 description');
INSERT INTO `issues` (`issue_id`, `date`, `type`, `description`) VALUES (5, '2024-12-15', 'Issue Type 1', 'Issue 5 description');
INSERT INTO `issues` (`issue_id`, `date`, `type`, `description`) VALUES (6, '2025-04-09', 'Issue Type 4', 'Issue 6 description');
INSERT INTO `issues` (`issue_id`, `date`, `type`, `description`) VALUES (7, '2023-07-03', 'Issue Type 2', 'Issue 7 description');
INSERT INTO `issues` (`issue_id`, `date`, `type`, `description`) VALUES (8, '2023-09-06', 'Issue Type 4', 'Issue 8 description');
INSERT INTO `issues` (`issue_id`, `date`, `type`, `description`) VALUES (9, '2024-10-31', 'Issue Type 1', 'Issue 9 description');
INSERT INTO `issues` (`issue_id`, `date`, `type`, `description`) VALUES (10, '2023-09-18', 'Issue Type 4', 'Issue 10 description');
INSERT INTO `issues` (`issue_id`, `date`, `type`, `description`) VALUES (11, '2023-10-21', 'Issue Type 4', 'Issue 11 description');
INSERT INTO `issues` (`issue_id`, `date`, `type`, `description`) VALUES (12, '2024-08-28', 'Issue Type 3', 'Issue 12 description');
INSERT INTO `issues` (`issue_id`, `date`, `type`, `description`) VALUES (13, '2024-07-10', 'Issue Type 1', 'Issue 13 description');
INSERT INTO `issues` (`issue_id`, `date`, `type`, `description`) VALUES (14, '2024-07-24', 'Issue Type 2', 'Issue 14 description');
INSERT INTO `issues` (`issue_id`, `date`, `type`, `description`) VALUES (15, '2024-02-02', 'Issue Type 3', 'Issue 15 description');
INSERT INTO `issues` (`issue_id`, `date`, `type`, `description`) VALUES (16, '2024-11-12', 'Issue Type 2', 'Issue 16 description');
INSERT INTO `issues` (`issue_id`, `date`, `type`, `description`) VALUES (17, '2023-08-29', 'Issue Type 4', 'Issue 17 description');
INSERT INTO `issues` (`issue_id`, `date`, `type`, `description`) VALUES (18, '2025-11-18', 'Issue Type 3', 'Issue 18 description');
INSERT INTO `issues` (`issue_id`, `date`, `type`, `description`) VALUES (19, '2023-10-15', 'Issue Type 3', 'Issue 19 description');
INSERT INTO `issues` (`issue_id`, `date`, `type`, `description`) VALUES (20, '2024-04-07', 'Issue Type 3', 'Issue 20 description');
INSERT INTO `issues` (`issue_id`, `date`, `type`, `description`) VALUES (21, '2025-10-07', 'Issue Type 1', 'Issue 21 description');
INSERT INTO `issues` (`issue_id`, `date`, `type`, `description`) VALUES (22, '2025-08-12', 'Issue Type 3', 'Issue 22 description');
INSERT INTO `issues` (`issue_id`, `date`, `type`, `description`) VALUES (23, '2024-05-18', 'Issue Type 2', 'Issue 23 description');
INSERT INTO `issues` (`issue_id`, `date`, `type`, `description`) VALUES (24, '2024-07-14', 'Issue Type 3', 'Issue 24 description');
INSERT INTO `issues` (`issue_id`, `date`, `type`, `description`) VALUES (25, '2023-09-01', 'Issue Type 2', 'Issue 25 description');
INSERT INTO `issues` (`issue_id`, `date`, `type`, `description`) VALUES (26, '2025-05-02', 'Issue Type 2', 'Issue 26 description');
INSERT INTO `issues` (`issue_id`, `date`, `type`, `description`) VALUES (27, '2024-07-18', 'Issue Type 1', 'Issue 27 description');
INSERT INTO `issues` (`issue_id`, `date`, `type`, `description`) VALUES (28, '2023-02-11', 'Issue Type 2', 'Issue 28 description');
INSERT INTO `issues` (`issue_id`, `date`, `type`, `description`) VALUES (29, '2025-12-15', 'Issue Type 4', 'Issue 29 description');
INSERT INTO `issues` (`issue_id`, `date`, `type`, `description`) VALUES (30, '2024-01-31', 'Issue Type 1', 'Issue 30 description');
INSERT INTO `issues` (`issue_id`, `date`, `type`, `description`) VALUES (31, '2024-09-15', 'Issue Type 3', 'Issue 31 description');
INSERT INTO `issues` (`issue_id`, `date`, `type`, `description`) VALUES (32, '2024-02-04', 'Issue Type 1', 'Issue 32 description');
INSERT INTO `issues` (`issue_id`, `date`, `type`, `description`) VALUES (33, '2025-08-26', 'Issue Type 1', 'Issue 33 description');
INSERT INTO `issues` (`issue_id`, `date`, `type`, `description`) VALUES (34, '2024-05-13', 'Issue Type 2', 'Issue 34 description');
INSERT INTO `issues` (`issue_id`, `date`, `type`, `description`) VALUES (35, '2024-07-08', 'Issue Type 1', 'Issue 35 description');
INSERT INTO `issues` (`issue_id`, `date`, `type`, `description`) VALUES (36, '2023-10-28', 'Issue Type 3', 'Issue 36 description');
INSERT INTO `issues` (`issue_id`, `date`, `type`, `description`) VALUES (37, '2025-04-28', 'Issue Type 1', 'Issue 37 description');
INSERT INTO `issues` (`issue_id`, `date`, `type`, `description`) VALUES (38, '2023-12-20', 'Issue Type 2', 'Issue 38 description');
INSERT INTO `issues` (`issue_id`, `date`, `type`, `description`) VALUES (39, '2024-04-24', 'Issue Type 1', 'Issue 39 description');
INSERT INTO `issues` (`issue_id`, `date`, `type`, `description`) VALUES (40, '2024-05-14', 'Issue Type 1', 'Issue 40 description');
INSERT INTO `issues` (`issue_id`, `date`, `type`, `description`) VALUES (41, '2024-06-14', 'Issue Type 3', 'Issue 41 description');
INSERT INTO `issues` (`issue_id`, `date`, `type`, `description`) VALUES (42, '2024-05-20', 'Issue Type 2', 'Issue 42 description');
INSERT INTO `issues` (`issue_id`, `date`, `type`, `description`) VALUES (43, '2024-01-06', 'Issue Type 2', 'Issue 43 description');
INSERT INTO `issues` (`issue_id`, `date`, `type`, `description`) VALUES (44, '2024-01-06', 'Issue Type 3', 'Issue 44 description');
INSERT INTO `issues` (`issue_id`, `date`, `type`, `description`) VALUES (45, '2024-02-24', 'Issue Type 1', 'Issue 45 description');
INSERT INTO `issues` (`issue_id`, `date`, `type`, `description`) VALUES (46, '2025-03-06', 'Issue Type 4', 'Issue 46 description');
INSERT INTO `issues` (`issue_id`, `date`, `type`, `description`) VALUES (47, '2024-08-01', 'Issue Type 2', 'Issue 47 description');
INSERT INTO `issues` (`issue_id`, `date`, `type`, `description`) VALUES (48, '2023-09-21', 'Issue Type 4', 'Issue 48 description');
INSERT INTO `issues` (`issue_id`, `date`, `type`, `description`) VALUES (49, '2023-10-19', 'Issue Type 2', 'Issue 49 description');
INSERT INTO `issues` (`issue_id`, `date`, `type`, `description`) VALUES (50, '2025-01-05', 'Issue Type 2', 'Issue 50 description');

#
# Dumping data for table 'tickets'
#

INSERT INTO `tickets` (`ticket_id`, `title`, `date`, `status`, `description`) VALUES (1, 'Ticket 1', '2025-03-16', 'InProgress', 'Ticket 1 description');
INSERT INTO `tickets` (`ticket_id`, `title`, `date`, `status`, `description`) VALUES (2, 'Ticket 2', '2025-06-09', 'Resolved', 'Ticket 2 description');
INSERT INTO `tickets` (`ticket_id`, `title`, `date`, `status`, `description`) VALUES (3, 'Ticket 3', '2024-03-14', 'Open', 'Ticket 3 description');
INSERT INTO `tickets` (`ticket_id`, `title`, `date`, `status`, `description`) VALUES (4, 'Ticket 4', '2023-02-07', 'InProgress', 'Ticket 4 description');
INSERT INTO `tickets` (`ticket_id`, `title`, `date`, `status`, `description`) VALUES (5, 'Ticket 5', '2023-02-19', 'Open', 'Ticket 5 description');
INSERT INTO `tickets` (`ticket_id`, `title`, `date`, `status`, `description`) VALUES (6, 'Ticket 6', '2025-08-06', 'Resolved', 'Ticket 6 description');
INSERT INTO `tickets` (`ticket_id`, `title`, `date`, `status`, `description`) VALUES (7, 'Ticket 7', '2025-03-22', 'Open', 'Ticket 7 description');
INSERT INTO `tickets` (`ticket_id`, `title`, `date`, `status`, `description`) VALUES (8, 'Ticket 8', '2023-05-29', 'InProgress', 'Ticket 8 description');
INSERT INTO `tickets` (`ticket_id`, `title`, `date`, `status`, `description`) VALUES (9, 'Ticket 9', '2025-03-10', 'Resolved', 'Ticket 9 description');
INSERT INTO `tickets` (`ticket_id`, `title`, `date`, `status`, `description`) VALUES (10, 'Ticket 10', '2023-05-22', 'Resolved', 'Ticket 10 description');
INSERT INTO `tickets` (`ticket_id`, `title`, `date`, `status`, `description`) VALUES (11, 'Ticket 11', '2025-07-03', 'Open', 'Ticket 11 description');
INSERT INTO `tickets` (`ticket_id`, `title`, `date`, `status`, `description`) VALUES (12, 'Ticket 12', '2023-01-25', 'Resolved', 'Ticket 12 description');
INSERT INTO `tickets` (`ticket_id`, `title`, `date`, `status`, `description`) VALUES (13, 'Ticket 13', '2024-03-02', 'InProgress', 'Ticket 13 description');
INSERT INTO `tickets` (`ticket_id`, `title`, `date`, `status`, `description`) VALUES (14, 'Ticket 14', '2023-11-15', 'Resolved', 'Ticket 14 description');
INSERT INTO `tickets` (`ticket_id`, `title`, `date`, `status`, `description`) VALUES (15, 'Ticket 15', '2025-06-27', 'Resolved', 'Ticket 15 description');
INSERT INTO `tickets` (`ticket_id`, `title`, `date`, `status`, `description`) VALUES (16, 'Ticket 16', '2025-08-12', 'Resolved', 'Ticket 16 description');
INSERT INTO `tickets` (`ticket_id`, `title`, `date`, `status`, `description`) VALUES (17, 'Ticket 17', '2023-01-27', 'Resolved', 'Ticket 17 description');
INSERT INTO `tickets` (`ticket_id`, `title`, `date`, `status`, `description`) VALUES (18, 'Ticket 18', '2024-11-16', 'Resolved', 'Ticket 18 description');
INSERT INTO `tickets` (`ticket_id`, `title`, `date`, `status`, `description`) VALUES (19, 'Ticket 19', '2023-05-31', 'InProgress', 'Ticket 19 description');
INSERT INTO `tickets` (`ticket_id`, `title`, `date`, `status`, `description`) VALUES (20, 'Ticket 20', '2023-12-01', 'Resolved', 'Ticket 20 description');
INSERT INTO `tickets` (`ticket_id`, `title`, `date`, `status`, `description`) VALUES (21, 'Ticket 21', '2024-05-17', 'InProgress', 'Ticket 21 description');
INSERT INTO `tickets` (`ticket_id`, `title`, `date`, `status`, `description`) VALUES (22, 'Ticket 22', '2024-07-07', 'Open', 'Ticket 22 description');
INSERT INTO `tickets` (`ticket_id`, `title`, `date`, `status`, `description`) VALUES (23, 'Ticket 23', '2023-10-15', 'InProgress', 'Ticket 23 description');
INSERT INTO `tickets` (`ticket_id`, `title`, `date`, `status`, `description`) VALUES (24, 'Ticket 24', '2023-08-01', 'Resolved', 'Ticket 24 description');
INSERT INTO `tickets` (`ticket_id`, `title`, `date`, `status`, `description`) VALUES (25, 'Ticket 25', '2023-12-31', 'Resolved', 'Ticket 25 description');
INSERT INTO `tickets` (`ticket_id`, `title`, `date`, `status`, `description`) VALUES (26, 'Ticket 26', '2025-11-07', 'Open', 'Ticket 26 description');
INSERT INTO `tickets` (`ticket_id`, `title`, `date`, `status`, `description`) VALUES (27, 'Ticket 27', '2024-10-03', 'Open', 'Ticket 27 description');
INSERT INTO `tickets` (`ticket_id`, `title`, `date`, `status`, `description`) VALUES (28, 'Ticket 28', '2025-10-16', 'Resolved', 'Ticket 28 description');
INSERT INTO `tickets` (`ticket_id`, `title`, `date`, `status`, `description`) VALUES (29, 'Ticket 29', '2024-04-08', 'InProgress', 'Ticket 29 description');
INSERT INTO `tickets` (`ticket_id`, `title`, `date`, `status`, `description`) VALUES (30, 'Ticket 30', '2024-09-03', 'Open', 'Ticket 30 description');
INSERT INTO `tickets` (`ticket_id`, `title`, `date`, `status`, `description`) VALUES (31, 'Ticket 31', '2023-07-15', 'InProgress', 'Ticket 31 description');
INSERT INTO `tickets` (`ticket_id`, `title`, `date`, `status`, `description`) VALUES (32, 'Ticket 32', '2024-08-19', 'InProgress', 'Ticket 32 description');
INSERT INTO `tickets` (`ticket_id`, `title`, `date`, `status`, `description`) VALUES (33, 'Ticket 33', '2023-08-10', 'Open', 'Ticket 33 description');
INSERT INTO `tickets` (`ticket_id`, `title`, `date`, `status`, `description`) VALUES (34, 'Ticket 34', '2023-10-17', 'InProgress', 'Ticket 34 description');
INSERT INTO `tickets` (`ticket_id`, `title`, `date`, `status`, `description`) VALUES (35, 'Ticket 35', '2024-01-07', 'InProgress', 'Ticket 35 description');
INSERT INTO `tickets` (`ticket_id`, `title`, `date`, `status`, `description`) VALUES (36, 'Ticket 36', '2025-03-25', 'Resolved', 'Ticket 36 description');
INSERT INTO `tickets` (`ticket_id`, `title`, `date`, `status`, `description`) VALUES (37, 'Ticket 37', '2024-07-09', 'Resolved', 'Ticket 37 description');
INSERT INTO `tickets` (`ticket_id`, `title`, `date`, `status`, `description`) VALUES (38, 'Ticket 38', '2023-05-29', 'Resolved', 'Ticket 38 description');
INSERT INTO `tickets` (`ticket_id`, `title`, `date`, `status`, `description`) VALUES (39, 'Ticket 39', '2025-03-16', 'Open', 'Ticket 39 description');
INSERT INTO `tickets` (`ticket_id`, `title`, `date`, `status`, `description`) VALUES (40, 'Ticket 40', '2024-12-12', 'InProgress', 'Ticket 40 description');
INSERT INTO `tickets` (`ticket_id`, `title`, `date`, `status`, `description`) VALUES (41, 'Ticket 41', '2023-11-30', 'Open', 'Ticket 41 description');
INSERT INTO `tickets` (`ticket_id`, `title`, `date`, `status`, `description`) VALUES (42, 'Ticket 42', '2024-08-02', 'Resolved', 'Ticket 42 description');
INSERT INTO `tickets` (`ticket_id`, `title`, `date`, `status`, `description`) VALUES (43, 'Ticket 43', '2025-11-05', 'Resolved', 'Ticket 43 description');
INSERT INTO `tickets` (`ticket_id`, `title`, `date`, `status`, `description`) VALUES (44, 'Ticket 44', '2023-03-27', 'Resolved', 'Ticket 44 description');
INSERT INTO `tickets` (`ticket_id`, `title`, `date`, `status`, `description`) VALUES (45, 'Ticket 45', '2023-07-25', 'Resolved', 'Ticket 45 description');
INSERT INTO `tickets` (`ticket_id`, `title`, `date`, `status`, `description`) VALUES (46, 'Ticket 46', '2024-12-02', 'Resolved', 'Ticket 46 description');
INSERT INTO `tickets` (`ticket_id`, `title`, `date`, `status`, `description`) VALUES (47, 'Ticket 47', '2024-09-30', 'Resolved', 'Ticket 47 description');
INSERT INTO `tickets` (`ticket_id`, `title`, `date`, `status`, `description`) VALUES (48, 'Ticket 48', '2024-02-02', 'Resolved', 'Ticket 48 description');
INSERT INTO `tickets` (`ticket_id`, `title`, `date`, `status`, `description`) VALUES (49, 'Ticket 49', '2025-06-12', 'Open', 'Ticket 49 description');
INSERT INTO `tickets` (`ticket_id`, `title`, `date`, `status`, `description`) VALUES (50, 'Ticket 50', '2024-05-11', 'InProgress', 'Ticket 50 description');

#
# Dumping data for table 'todo_list'
#

INSERT INTO `todo_list` (`list_id`, `user_id`, `title`) VALUES (1, 31, 'Todo List 1');
INSERT INTO `todo_list` (`list_id`, `user_id`, `title`) VALUES (2, 132, 'Todo List 2');
INSERT INTO `todo_list` (`list_id`, `user_id`, `title`) VALUES (3, 75, 'Todo List 3');
INSERT INTO `todo_list` (`list_id`, `user_id`, `title`) VALUES (4, 143, 'Todo List 4');
INSERT INTO `todo_list` (`list_id`, `user_id`, `title`) VALUES (5, 192, 'Todo List 5');
INSERT INTO `todo_list` (`list_id`, `user_id`, `title`) VALUES (6, 85, 'Todo List 6');
INSERT INTO `todo_list` (`list_id`, `user_id`, `title`) VALUES (7, 155, 'Todo List 7');
INSERT INTO `todo_list` (`list_id`, `user_id`, `title`) VALUES (8, 149, 'Todo List 8');
INSERT INTO `todo_list` (`list_id`, `user_id`, `title`) VALUES (9, 113, 'Todo List 9');
INSERT INTO `todo_list` (`list_id`, `user_id`, `title`) VALUES (10, 117, 'Todo List 10');
INSERT INTO `todo_list` (`list_id`, `user_id`, `title`) VALUES (11, 193, 'Todo List 11');
INSERT INTO `todo_list` (`list_id`, `user_id`, `title`) VALUES (12, 193, 'Todo List 12');
INSERT INTO `todo_list` (`list_id`, `user_id`, `title`) VALUES (13, 16, 'Todo List 13');
INSERT INTO `todo_list` (`list_id`, `user_id`, `title`) VALUES (14, 21, 'Todo List 14');
INSERT INTO `todo_list` (`list_id`, `user_id`, `title`) VALUES (15, 170, 'Todo List 15');
INSERT INTO `todo_list` (`list_id`, `user_id`, `title`) VALUES (16, 40, 'Todo List 16');
INSERT INTO `todo_list` (`list_id`, `user_id`, `title`) VALUES (17, 179, 'Todo List 17');
INSERT INTO `todo_list` (`list_id`, `user_id`, `title`) VALUES (18, 34, 'Todo List 18');
INSERT INTO `todo_list` (`list_id`, `user_id`, `title`) VALUES (19, 8, 'Todo List 19');
INSERT INTO `todo_list` (`list_id`, `user_id`, `title`) VALUES (20, 90, 'Todo List 20');
INSERT INTO `todo_list` (`list_id`, `user_id`, `title`) VALUES (21, 77, 'Todo List 21');
INSERT INTO `todo_list` (`list_id`, `user_id`, `title`) VALUES (22, 77, 'Todo List 22');
INSERT INTO `todo_list` (`list_id`, `user_id`, `title`) VALUES (23, 72, 'Todo List 23');
INSERT INTO `todo_list` (`list_id`, `user_id`, `title`) VALUES (24, 6, 'Todo List 24');
INSERT INTO `todo_list` (`list_id`, `user_id`, `title`) VALUES (25, 56, 'Todo List 25');
INSERT INTO `todo_list` (`list_id`, `user_id`, `title`) VALUES (26, 124, 'Todo List 26');
INSERT INTO `todo_list` (`list_id`, `user_id`, `title`) VALUES (27, 198, 'Todo List 27');
INSERT INTO `todo_list` (`list_id`, `user_id`, `title`) VALUES (28, 106, 'Todo List 28');
INSERT INTO `todo_list` (`list_id`, `user_id`, `title`) VALUES (29, 131, 'Todo List 29');
INSERT INTO `todo_list` (`list_id`, `user_id`, `title`) VALUES (30, 75, 'Todo List 30');
INSERT INTO `todo_list` (`list_id`, `user_id`, `title`) VALUES (31, 133, 'Todo List 31');
INSERT INTO `todo_list` (`list_id`, `user_id`, `title`) VALUES (32, 24, 'Todo List 32');
INSERT INTO `todo_list` (`list_id`, `user_id`, `title`) VALUES (33, 87, 'Todo List 33');
INSERT INTO `todo_list` (`list_id`, `user_id`, `title`) VALUES (34, 31, 'Todo List 34');
INSERT INTO `todo_list` (`list_id`, `user_id`, `title`) VALUES (35, 9, 'Todo List 35');
INSERT INTO `todo_list` (`list_id`, `user_id`, `title`) VALUES (36, 95, 'Todo List 36');
INSERT INTO `todo_list` (`list_id`, `user_id`, `title`) VALUES (37, 5, 'Todo List 37');
INSERT INTO `todo_list` (`list_id`, `user_id`, `title`) VALUES (38, 56, 'Todo List 38');
INSERT INTO `todo_list` (`list_id`, `user_id`, `title`) VALUES (39, 18, 'Todo List 39');
INSERT INTO `todo_list` (`list_id`, `user_id`, `title`) VALUES (40, 169, 'Todo List 40');
INSERT INTO `todo_list` (`list_id`, `user_id`, `title`) VALUES (41, 121, 'Todo List 41');
INSERT INTO `todo_list` (`list_id`, `user_id`, `title`) VALUES (42, 73, 'Todo List 42');
INSERT INTO `todo_list` (`list_id`, `user_id`, `title`) VALUES (43, 78, 'Todo List 43');
INSERT INTO `todo_list` (`list_id`, `user_id`, `title`) VALUES (44, 110, 'Todo List 44');
INSERT INTO `todo_list` (`list_id`, `user_id`, `title`) VALUES (45, 16, 'Todo List 45');
INSERT INTO `todo_list` (`list_id`, `user_id`, `title`) VALUES (46, 53, 'Todo List 46');
INSERT INTO `todo_list` (`list_id`, `user_id`, `title`) VALUES (47, 87, 'Todo List 47');
INSERT INTO `todo_list` (`list_id`, `user_id`, `title`) VALUES (48, 144, 'Todo List 48');
INSERT INTO `todo_list` (`list_id`, `user_id`, `title`) VALUES (49, 78, 'Todo List 49');
INSERT INTO `todo_list` (`list_id`, `user_id`, `title`) VALUES (50, 136, 'Todo List 50');

#
# Dumping data for table 'tasks'
#

INSERT INTO `tasks` (`task_id`, `list_id`, `description`, `due_date`, `frequency`) VALUES (1, 1, 'Task 1 for List 1', '2024-09-08', 'Completed');
INSERT INTO `tasks` (`task_id`, `list_id`, `description`, `due_date`, `frequency`) VALUES (2, 1, 'Task 2 for List 1', '2023-08-15', 'Pending');
INSERT INTO `tasks` (`task_id`, `list_id`, `description`, `due_date`, `frequency`) VALUES (3, 2, 'Task 3 for List 2', '2023-08-01', 'Completed');
INSERT INTO `tasks` (`task_id`, `list_id`, `description`, `due_date`, `frequency`) VALUES (4, 2, 'Task 4 for List 2', '2023-06-09', 'Pending');
INSERT INTO `tasks` (`task_id`, `list_id`, `description`, `due_date`, `frequency`) VALUES (5, 3, 'Task 5 for List 3', '2025-02-06', 'Completed');
INSERT INTO `tasks` (`task_id`, `list_id`, `description`, `due_date`, `frequency`) VALUES (6, 3, 'Task 6 for List 3', '2024-04-24', 'Pending');
INSERT INTO `tasks` (`task_id`, `list_id`, `description`, `due_date`, `frequency`) VALUES (7, 4, 'Task 7 for List 4', '2025-10-31', 'Pending');
INSERT INTO `tasks` (`task_id`, `list_id`, `description`, `due_date`, `frequency`) VALUES (8, 4, 'Task 8 for List 4', '2024-02-05', 'Completed');
INSERT INTO `tasks` (`task_id`, `list_id`, `description`, `due_date`, `frequency`) VALUES (9, 5, 'Task 9 for List 5', '2025-07-17', 'Completed');
INSERT INTO `tasks` (`task_id`, `list_id`, `description`, `due_date`, `frequency`) VALUES (10, 5, 'Task 10 for List 5', '2023-05-03', 'Pending');
INSERT INTO `tasks` (`task_id`, `list_id`, `description`, `due_date`, `frequency`) VALUES (11, 6, 'Task 11 for List 6', '2025-06-28', 'Pending');
INSERT INTO `tasks` (`task_id`, `list_id`, `description`, `due_date`, `frequency`) VALUES (12, 6, 'Task 12 for List 6', '2025-08-04', 'Completed');
INSERT INTO `tasks` (`task_id`, `list_id`, `description`, `due_date`, `frequency`) VALUES (13, 7, 'Task 13 for List 7', '2025-08-05', 'Pending');
INSERT INTO `tasks` (`task_id`, `list_id`, `description`, `due_date`, `frequency`) VALUES (14, 7, 'Task 14 for List 7', '2024-06-09', 'Completed');
INSERT INTO `tasks` (`task_id`, `list_id`, `description`, `due_date`, `frequency`) VALUES (15, 8, 'Task 15 for List 8', '2024-10-16', 'Completed');
INSERT INTO `tasks` (`task_id`, `list_id`, `description`, `due_date`, `frequency`) VALUES (16, 8, 'Task 16 for List 8', '2024-09-16', 'Pending');
INSERT INTO `tasks` (`task_id`, `list_id`, `description`, `due_date`, `frequency`) VALUES (17, 9, 'Task 17 for List 9', '2024-03-10', 'Pending');
INSERT INTO `tasks` (`task_id`, `list_id`, `description`, `due_date`, `frequency`) VALUES (18, 9, 'Task 18 for List 9', '2025-09-11', 'Completed');
INSERT INTO `tasks` (`task_id`, `list_id`, `description`, `due_date`, `frequency`) VALUES (19, 10, 'Task 19 for List 10', '2024-09-26', 'Completed');
INSERT INTO `tasks` (`task_id`, `list_id`, `description`, `due_date`, `frequency`) VALUES (20, 10, 'Task 20 for List 10', '2023-06-06', 'Pending');
INSERT INTO `tasks` (`task_id`, `list_id`, `description`, `due_date`, `frequency`) VALUES (21, 11, 'Task 21 for List 11', '2025-05-12', 'Pending');
INSERT INTO `tasks` (`task_id`, `list_id`, `description`, `due_date`, `frequency`) VALUES (22, 11, 'Task 22 for List 11', '2024-07-04', 'Completed');
INSERT INTO `tasks` (`task_id`, `list_id`, `description`, `due_date`, `frequency`) VALUES (23, 12, 'Task 23 for List 12', '2024-03-30', 'Completed');
INSERT INTO `tasks` (`task_id`, `list_id`, `description`, `due_date`, `frequency`) VALUES (24, 12, 'Task 24 for List 12', '2025-09-12', 'Completed');
INSERT INTO `tasks` (`task_id`, `list_id`, `description`, `due_date`, `frequency`) VALUES (25, 13, 'Task 25 for List 13', '2024-10-22', 'Completed');
INSERT INTO `tasks` (`task_id`, `list_id`, `description`, `due_date`, `frequency`) VALUES (26, 13, 'Task 26 for List 13', '2025-01-17', 'Pending');
INSERT INTO `tasks` (`task_id`, `list_id`, `description`, `due_date`, `frequency`) VALUES (27, 14, 'Task 27 for List 14', '2023-09-27', 'Completed');
INSERT INTO `tasks` (`task_id`, `list_id`, `description`, `due_date`, `frequency`) VALUES (28, 14, 'Task 28 for List 14', '2024-01-01', 'Pending');
INSERT INTO `tasks` (`task_id`, `list_id`, `description`, `due_date`, `frequency`) VALUES (29, 15, 'Task 29 for List 15', '2025-04-16', 'Completed');
INSERT INTO `tasks` (`task_id`, `list_id`, `description`, `due_date`, `frequency`) VALUES (30, 15, 'Task 30 for List 15', '2025-04-04', 'Pending');
INSERT INTO `tasks` (`task_id`, `list_id`, `description`, `due_date`, `frequency`) VALUES (31, 16, 'Task 31 for List 16', '2025-01-06', 'Completed');
INSERT INTO `tasks` (`task_id`, `list_id`, `description`, `due_date`, `frequency`) VALUES (32, 16, 'Task 32 for List 16', '2023-12-05', 'Pending');
INSERT INTO `tasks` (`task_id`, `list_id`, `description`, `due_date`, `frequency`) VALUES (33, 17, 'Task 33 for List 17', '2024-01-14', 'Completed');
INSERT INTO `tasks` (`task_id`, `list_id`, `description`, `due_date`, `frequency`) VALUES (34, 17, 'Task 34 for List 17', '2025-07-30', 'Pending');
INSERT INTO `tasks` (`task_id`, `list_id`, `description`, `due_date`, `frequency`) VALUES (35, 18, 'Task 35 for List 18', '2023-04-14', 'Pending');
INSERT INTO `tasks` (`task_id`, `list_id`, `description`, `due_date`, `frequency`) VALUES (36, 18, 'Task 36 for List 18', '2025-02-11', 'Completed');
INSERT INTO `tasks` (`task_id`, `list_id`, `description`, `due_date`, `frequency`) VALUES (37, 19, 'Task 37 for List 19', '2025-04-21', 'Completed');
INSERT INTO `tasks` (`task_id`, `list_id`, `description`, `due_date`, `frequency`) VALUES (38, 19, 'Task 38 for List 19', '2024-09-06', 'Completed');
INSERT INTO `tasks` (`task_id`, `list_id`, `description`, `due_date`, `frequency`) VALUES (39, 20, 'Task 39 for List 20', '2025-08-19', 'Completed');
INSERT INTO `tasks` (`task_id`, `list_id`, `description`, `due_date`, `frequency`) VALUES (40, 20, 'Task 40 for List 20', '2023-12-21', 'Pending');
INSERT INTO `tasks` (`task_id`, `list_id`, `description`, `due_date`, `frequency`) VALUES (41, 21, 'Task 41 for List 21', '2025-05-30', 'Pending');
INSERT INTO `tasks` (`task_id`, `list_id`, `description`, `due_date`, `frequency`) VALUES (42, 21, 'Task 42 for List 21', '2023-09-19', 'Pending');
INSERT INTO `tasks` (`task_id`, `list_id`, `description`, `due_date`, `frequency`) VALUES (43, 22, 'Task 43 for List 22', '2025-10-15', 'Pending');
INSERT INTO `tasks` (`task_id`, `list_id`, `description`, `due_date`, `frequency`) VALUES (44, 22, 'Task 44 for List 22', '2025-07-10', 'Completed');
INSERT INTO `tasks` (`task_id`, `list_id`, `description`, `due_date`, `frequency`) VALUES (45, 23, 'Task 45 for List 23', '2023-02-19', 'Completed');
INSERT INTO `tasks` (`task_id`, `list_id`, `description`, `due_date`, `frequency`) VALUES (46, 23, 'Task 46 for List 23', '2023-10-14', 'Pending');
INSERT INTO `tasks` (`task_id`, `list_id`, `description`, `due_date`, `frequency`) VALUES (47, 24, 'Task 47 for List 24', '2024-06-07', 'Pending');
INSERT INTO `tasks` (`task_id`, `list_id`, `description`, `due_date`, `frequency`) VALUES (48, 24, 'Task 48 for List 24', '2025-10-25', 'Completed');
INSERT INTO `tasks` (`task_id`, `list_id`, `description`, `due_date`, `frequency`) VALUES (49, 25, 'Task 49 for List 25', '2024-10-08', 'Completed');
INSERT INTO `tasks` (`task_id`, `list_id`, `description`, `due_date`, `frequency`) VALUES (50, 25, 'Task 50 for List 25', '2025-07-20', 'Completed');
INSERT INTO `tasks` (`task_id`, `list_id`, `description`, `due_date`, `frequency`) VALUES (51, 26, 'Task 51 for List 26', '2025-08-31', 'Completed');
INSERT INTO `tasks` (`task_id`, `list_id`, `description`, `due_date`, `frequency`) VALUES (52, 26, 'Task 52 for List 26', '2024-01-04', 'Completed');
INSERT INTO `tasks` (`task_id`, `list_id`, `description`, `due_date`, `frequency`) VALUES (53, 27, 'Task 53 for List 27', '2025-11-08', 'Completed');
INSERT INTO `tasks` (`task_id`, `list_id`, `description`, `due_date`, `frequency`) VALUES (54, 27, 'Task 54 for List 27', '2023-09-08', 'Pending');
INSERT INTO `tasks` (`task_id`, `list_id`, `description`, `due_date`, `frequency`) VALUES (55, 28, 'Task 55 for List 28', '2023-08-25', 'Pending');
INSERT INTO `tasks` (`task_id`, `list_id`, `description`, `due_date`, `frequency`) VALUES (56, 28, 'Task 56 for List 28', '2025-08-09', 'Completed');
INSERT INTO `tasks` (`task_id`, `list_id`, `description`, `due_date`, `frequency`) VALUES (57, 29, 'Task 57 for List 29', '2023-05-10', 'Pending');
INSERT INTO `tasks` (`task_id`, `list_id`, `description`, `due_date`, `frequency`) VALUES (58, 29, 'Task 58 for List 29', '2025-07-30', 'Completed');
INSERT INTO `tasks` (`task_id`, `list_id`, `description`, `due_date`, `frequency`) VALUES (59, 30, 'Task 59 for List 30', '2023-01-30', 'Pending');
INSERT INTO `tasks` (`task_id`, `list_id`, `description`, `due_date`, `frequency`) VALUES (60, 30, 'Task 60 for List 30', '2025-06-14', 'Completed');
INSERT INTO `tasks` (`task_id`, `list_id`, `description`, `due_date`, `frequency`) VALUES (61, 31, 'Task 61 for List 31', '2024-04-30', 'Pending');
INSERT INTO `tasks` (`task_id`, `list_id`, `description`, `due_date`, `frequency`) VALUES (62, 31, 'Task 62 for List 31', '2024-01-02', 'Completed');
INSERT INTO `tasks` (`task_id`, `list_id`, `description`, `due_date`, `frequency`) VALUES (63, 32, 'Task 63 for List 32', '2024-03-06', 'Pending');
INSERT INTO `tasks` (`task_id`, `list_id`, `description`, `due_date`, `frequency`) VALUES (64, 32, 'Task 64 for List 32', '2023-08-28', 'Pending');
INSERT INTO `tasks` (`task_id`, `list_id`, `description`, `due_date`, `frequency`) VALUES (65, 33, 'Task 65 for List 33', '2024-09-23', 'Completed');
INSERT INTO `tasks` (`task_id`, `list_id`, `description`, `due_date`, `frequency`) VALUES (66, 33, 'Task 66 for List 33', '2025-07-28', 'Pending');
INSERT INTO `tasks` (`task_id`, `list_id`, `description`, `due_date`, `frequency`) VALUES (67, 34, 'Task 67 for List 34', '2023-05-26', 'Pending');
INSERT INTO `tasks` (`task_id`, `list_id`, `description`, `due_date`, `frequency`) VALUES (68, 34, 'Task 68 for List 34', '2025-04-13', 'Completed');
INSERT INTO `tasks` (`task_id`, `list_id`, `description`, `due_date`, `frequency`) VALUES (69, 35, 'Task 69 for List 35', '2023-10-20', 'Completed');
INSERT INTO `tasks` (`task_id`, `list_id`, `description`, `due_date`, `frequency`) VALUES (70, 35, 'Task 70 for List 35', '2025-08-14', 'Completed');
INSERT INTO `tasks` (`task_id`, `list_id`, `description`, `due_date`, `frequency`) VALUES (71, 36, 'Task 71 for List 36', '2023-06-08', 'Pending');
INSERT INTO `tasks` (`task_id`, `list_id`, `description`, `due_date`, `frequency`) VALUES (72, 36, 'Task 72 for List 36', '2024-03-25', 'Pending');
INSERT INTO `tasks` (`task_id`, `list_id`, `description`, `due_date`, `frequency`) VALUES (73, 37, 'Task 73 for List 37', '2023-06-12', 'Completed');
INSERT INTO `tasks` (`task_id`, `list_id`, `description`, `due_date`, `frequency`) VALUES (74, 37, 'Task 74 for List 37', '2025-04-29', 'Pending');
INSERT INTO `tasks` (`task_id`, `list_id`, `description`, `due_date`, `frequency`) VALUES (75, 38, 'Task 75 for List 38', '2025-08-30', 'Pending');
INSERT INTO `tasks` (`task_id`, `list_id`, `description`, `due_date`, `frequency`) VALUES (76, 38, 'Task 76 for List 38', '2025-03-02', 'Completed');
INSERT INTO `tasks` (`task_id`, `list_id`, `description`, `due_date`, `frequency`) VALUES (77, 39, 'Task 77 for List 39', '2025-04-04', 'Pending');
INSERT INTO `tasks` (`task_id`, `list_id`, `description`, `due_date`, `frequency`) VALUES (78, 39, 'Task 78 for List 39', '2024-12-04', 'Completed');
INSERT INTO `tasks` (`task_id`, `list_id`, `description`, `due_date`, `frequency`) VALUES (79, 40, 'Task 79 for List 40', '2023-02-27', 'Pending');
INSERT INTO `tasks` (`task_id`, `list_id`, `description`, `due_date`, `frequency`) VALUES (80, 40, 'Task 80 for List 40', '2025-02-25', 'Completed');
INSERT INTO `tasks` (`task_id`, `list_id`, `description`, `due_date`, `frequency`) VALUES (81, 41, 'Task 81 for List 41', '2025-01-24', 'Completed');
INSERT INTO `tasks` (`task_id`, `list_id`, `description`, `due_date`, `frequency`) VALUES (82, 41, 'Task 82 for List 41', '2025-10-23', 'Completed');
INSERT INTO `tasks` (`task_id`, `list_id`, `description`, `due_date`, `frequency`) VALUES (83, 42, 'Task 83 for List 42', '2024-08-22', 'Pending');
INSERT INTO `tasks` (`task_id`, `list_id`, `description`, `due_date`, `frequency`) VALUES (84, 42, 'Task 84 for List 42', '2024-04-03', 'Pending');
INSERT INTO `tasks` (`task_id`, `list_id`, `description`, `due_date`, `frequency`) VALUES (85, 43, 'Task 85 for List 43', '2023-01-12', 'Pending');
INSERT INTO `tasks` (`task_id`, `list_id`, `description`, `due_date`, `frequency`) VALUES (86, 43, 'Task 86 for List 43', '2023-05-03', 'Completed');
INSERT INTO `tasks` (`task_id`, `list_id`, `description`, `due_date`, `frequency`) VALUES (87, 44, 'Task 87 for List 44', '2025-12-27', 'Completed');
INSERT INTO `tasks` (`task_id`, `list_id`, `description`, `due_date`, `frequency`) VALUES (88, 44, 'Task 88 for List 44', '2024-02-15', 'Completed');
INSERT INTO `tasks` (`task_id`, `list_id`, `description`, `due_date`, `frequency`) VALUES (89, 45, 'Task 89 for List 45', '2023-08-16', 'Pending');
INSERT INTO `tasks` (`task_id`, `list_id`, `description`, `due_date`, `frequency`) VALUES (90, 45, 'Task 90 for List 45', '2024-01-27', 'Completed');
INSERT INTO `tasks` (`task_id`, `list_id`, `description`, `due_date`, `frequency`) VALUES (91, 46, 'Task 91 for List 46', '2024-01-01', 'Completed');
INSERT INTO `tasks` (`task_id`, `list_id`, `description`, `due_date`, `frequency`) VALUES (92, 46, 'Task 92 for List 46', '2025-09-02', 'Pending');
INSERT INTO `tasks` (`task_id`, `list_id`, `description`, `due_date`, `frequency`) VALUES (93, 47, 'Task 93 for List 47', '2024-08-02', 'Completed');
INSERT INTO `tasks` (`task_id`, `list_id`, `description`, `due_date`, `frequency`) VALUES (94, 47, 'Task 94 for List 47', '2024-03-22', 'Completed');
INSERT INTO `tasks` (`task_id`, `list_id`, `description`, `due_date`, `frequency`) VALUES (95, 48, 'Task 95 for List 48', '2024-09-21', 'Completed');
INSERT INTO `tasks` (`task_id`, `list_id`, `description`, `due_date`, `frequency`) VALUES (96, 48, 'Task 96 for List 48', '2023-07-14', 'Pending');
INSERT INTO `tasks` (`task_id`, `list_id`, `description`, `due_date`, `frequency`) VALUES (97, 49, 'Task 97 for List 49', '2024-04-19', 'Completed');
INSERT INTO `tasks` (`task_id`, `list_id`, `description`, `due_date`, `frequency`) VALUES (98, 49, 'Task 98 for List 49', '2025-03-20', 'Pending');
INSERT INTO `tasks` (`task_id`, `list_id`, `description`, `due_date`, `frequency`) VALUES (99, 50, 'Task 99 for List 50', '2025-08-07', 'Pending');
INSERT INTO `tasks` (`task_id`, `list_id`, `description`, `due_date`, `frequency`) VALUES (100, 50, 'Task 100 for List 50', '2024-05-10', 'Completed');

#
# Dumping data for table 'grocery_lists'
#

INSERT INTO `grocery_lists` (`list_id`, `user_id`, `title`) VALUES (1, 88, 'Grocery List 1');
INSERT INTO `grocery_lists` (`list_id`, `user_id`, `title`) VALUES (2, 193, 'Grocery List 2');
INSERT INTO `grocery_lists` (`list_id`, `user_id`, `title`) VALUES (3, 169, 'Grocery List 3');
INSERT INTO `grocery_lists` (`list_id`, `user_id`, `title`) VALUES (4, 9, 'Grocery List 4');
INSERT INTO `grocery_lists` (`list_id`, `user_id`, `title`) VALUES (5, 184, 'Grocery List 5');
INSERT INTO `grocery_lists` (`list_id`, `user_id`, `title`) VALUES (6, 34, 'Grocery List 6');
INSERT INTO `grocery_lists` (`list_id`, `user_id`, `title`) VALUES (7, 144, 'Grocery List 7');
INSERT INTO `grocery_lists` (`list_id`, `user_id`, `title`) VALUES (8, 77, 'Grocery List 8');
INSERT INTO `grocery_lists` (`list_id`, `user_id`, `title`) VALUES (9, 64, 'Grocery List 9');
INSERT INTO `grocery_lists` (`list_id`, `user_id`, `title`) VALUES (10, 31, 'Grocery List 10');
INSERT INTO `grocery_lists` (`list_id`, `user_id`, `title`) VALUES (11, 138, 'Grocery List 11');
INSERT INTO `grocery_lists` (`list_id`, `user_id`, `title`) VALUES (12, 98, 'Grocery List 12');
INSERT INTO `grocery_lists` (`list_id`, `user_id`, `title`) VALUES (13, 181, 'Grocery List 13');
INSERT INTO `grocery_lists` (`list_id`, `user_id`, `title`) VALUES (14, 45, 'Grocery List 14');
INSERT INTO `grocery_lists` (`list_id`, `user_id`, `title`) VALUES (15, 187, 'Grocery List 15');
INSERT INTO `grocery_lists` (`list_id`, `user_id`, `title`) VALUES (16, 69, 'Grocery List 16');
INSERT INTO `grocery_lists` (`list_id`, `user_id`, `title`) VALUES (17, 2, 'Grocery List 17');
INSERT INTO `grocery_lists` (`list_id`, `user_id`, `title`) VALUES (18, 94, 'Grocery List 18');
INSERT INTO `grocery_lists` (`list_id`, `user_id`, `title`) VALUES (19, 92, 'Grocery List 19');
INSERT INTO `grocery_lists` (`list_id`, `user_id`, `title`) VALUES (20, 179, 'Grocery List 20');
INSERT INTO `grocery_lists` (`list_id`, `user_id`, `title`) VALUES (21, 86, 'Grocery List 21');
INSERT INTO `grocery_lists` (`list_id`, `user_id`, `title`) VALUES (22, 109, 'Grocery List 22');
INSERT INTO `grocery_lists` (`list_id`, `user_id`, `title`) VALUES (23, 182, 'Grocery List 23');
INSERT INTO `grocery_lists` (`list_id`, `user_id`, `title`) VALUES (24, 60, 'Grocery List 24');
INSERT INTO `grocery_lists` (`list_id`, `user_id`, `title`) VALUES (25, 131, 'Grocery List 25');
INSERT INTO `grocery_lists` (`list_id`, `user_id`, `title`) VALUES (26, 22, 'Grocery List 26');
INSERT INTO `grocery_lists` (`list_id`, `user_id`, `title`) VALUES (27, 10, 'Grocery List 27');
INSERT INTO `grocery_lists` (`list_id`, `user_id`, `title`) VALUES (28, 86, 'Grocery List 28');
INSERT INTO `grocery_lists` (`list_id`, `user_id`, `title`) VALUES (29, 136, 'Grocery List 29');
INSERT INTO `grocery_lists` (`list_id`, `user_id`, `title`) VALUES (30, 65, 'Grocery List 30');
INSERT INTO `grocery_lists` (`list_id`, `user_id`, `title`) VALUES (31, 28, 'Grocery List 31');
INSERT INTO `grocery_lists` (`list_id`, `user_id`, `title`) VALUES (32, 119, 'Grocery List 32');
INSERT INTO `grocery_lists` (`list_id`, `user_id`, `title`) VALUES (33, 135, 'Grocery List 33');
INSERT INTO `grocery_lists` (`list_id`, `user_id`, `title`) VALUES (34, 172, 'Grocery List 34');
INSERT INTO `grocery_lists` (`list_id`, `user_id`, `title`) VALUES (35, 32, 'Grocery List 35');
INSERT INTO `grocery_lists` (`list_id`, `user_id`, `title`) VALUES (36, 75, 'Grocery List 36');
INSERT INTO `grocery_lists` (`list_id`, `user_id`, `title`) VALUES (37, 184, 'Grocery List 37');
INSERT INTO `grocery_lists` (`list_id`, `user_id`, `title`) VALUES (38, 74, 'Grocery List 38');
INSERT INTO `grocery_lists` (`list_id`, `user_id`, `title`) VALUES (39, 191, 'Grocery List 39');
INSERT INTO `grocery_lists` (`list_id`, `user_id`, `title`) VALUES (40, 79, 'Grocery List 40');
INSERT INTO `grocery_lists` (`list_id`, `user_id`, `title`) VALUES (41, 53, 'Grocery List 41');
INSERT INTO `grocery_lists` (`list_id`, `user_id`, `title`) VALUES (42, 57, 'Grocery List 42');
INSERT INTO `grocery_lists` (`list_id`, `user_id`, `title`) VALUES (43, 111, 'Grocery List 43');
INSERT INTO `grocery_lists` (`list_id`, `user_id`, `title`) VALUES (44, 183, 'Grocery List 44');
INSERT INTO `grocery_lists` (`list_id`, `user_id`, `title`) VALUES (45, 85, 'Grocery List 45');
INSERT INTO `grocery_lists` (`list_id`, `user_id`, `title`) VALUES (46, 133, 'Grocery List 46');
INSERT INTO `grocery_lists` (`list_id`, `user_id`, `title`) VALUES (47, 123, 'Grocery List 47');
INSERT INTO `grocery_lists` (`list_id`, `user_id`, `title`) VALUES (48, 41, 'Grocery List 48');
INSERT INTO `grocery_lists` (`list_id`, `user_id`, `title`) VALUES (49, 85, 'Grocery List 49');
INSERT INTO `grocery_lists` (`list_id`, `user_id`, `title`) VALUES (50, 22, 'Grocery List 50');

#
# Dumping data for table 'grocery_items'
#

INSERT INTO `grocery_items` (`item_id`, `list_id`, `name`, `quantity`, `purchase_status`) VALUES (1, 1, 'Item 1', 4, 'Purchased');
INSERT INTO `grocery_items` (`item_id`, `list_id`, `name`, `quantity`, `purchase_status`) VALUES (2, 1, 'Item 2', 7, 'Pending');
INSERT INTO `grocery_items` (`item_id`, `list_id`, `name`, `quantity`, `purchase_status`) VALUES (3, 2, 'Item 3', 7, 'Purchased');
INSERT INTO `grocery_items` (`item_id`, `list_id`, `name`, `quantity`, `purchase_status`) VALUES (4, 2, 'Item 4', 7, 'Purchased');
INSERT INTO `grocery_items` (`item_id`, `list_id`, `name`, `quantity`, `purchase_status`) VALUES (5, 3, 'Item 5', 7, 'Pending');
INSERT INTO `grocery_items` (`item_id`, `list_id`, `name`, `quantity`, `purchase_status`) VALUES (6, 3, 'Item 6', 8, 'Purchased');
INSERT INTO `grocery_items` (`item_id`, `list_id`, `name`, `quantity`, `purchase_status`) VALUES (7, 4, 'Item 7', 9, 'Purchased');
INSERT INTO `grocery_items` (`item_id`, `list_id`, `name`, `quantity`, `purchase_status`) VALUES (8, 4, 'Item 8', 3, 'Purchased');
INSERT INTO `grocery_items` (`item_id`, `list_id`, `name`, `quantity`, `purchase_status`) VALUES (9, 5, 'Item 9', 8, 'Pending');
INSERT INTO `grocery_items` (`item_id`, `list_id`, `name`, `quantity`, `purchase_status`) VALUES (10, 5, 'Item 10', 1, 'Pending');
INSERT INTO `grocery_items` (`item_id`, `list_id`, `name`, `quantity`, `purchase_status`) VALUES (11, 6, 'Item 11', 3, 'Purchased');
INSERT INTO `grocery_items` (`item_id`, `list_id`, `name`, `quantity`, `purchase_status`) VALUES (12, 6, 'Item 12', 8, 'Pending');
INSERT INTO `grocery_items` (`item_id`, `list_id`, `name`, `quantity`, `purchase_status`) VALUES (13, 7, 'Item 13', 2, 'Purchased');
INSERT INTO `grocery_items` (`item_id`, `list_id`, `name`, `quantity`, `purchase_status`) VALUES (14, 7, 'Item 14', 2, 'Pending');
INSERT INTO `grocery_items` (`item_id`, `list_id`, `name`, `quantity`, `purchase_status`) VALUES (15, 8, 'Item 15', 5, 'Purchased');
INSERT INTO `grocery_items` (`item_id`, `list_id`, `name`, `quantity`, `purchase_status`) VALUES (16, 8, 'Item 16', 6, 'Pending');
INSERT INTO `grocery_items` (`item_id`, `list_id`, `name`, `quantity`, `purchase_status`) VALUES (17, 9, 'Item 17', 8, 'Pending');
INSERT INTO `grocery_items` (`item_id`, `list_id`, `name`, `quantity`, `purchase_status`) VALUES (18, 9, 'Item 18', 3, 'Pending');
INSERT INTO `grocery_items` (`item_id`, `list_id`, `name`, `quantity`, `purchase_status`) VALUES (19, 10, 'Item 19', 9, 'Pending');
INSERT INTO `grocery_items` (`item_id`, `list_id`, `name`, `quantity`, `purchase_status`) VALUES (20, 10, 'Item 20', 3, 'Pending');
INSERT INTO `grocery_items` (`item_id`, `list_id`, `name`, `quantity`, `purchase_status`) VALUES (21, 11, 'Item 21', 5, 'Pending');
INSERT INTO `grocery_items` (`item_id`, `list_id`, `name`, `quantity`, `purchase_status`) VALUES (22, 11, 'Item 22', 6, 'Pending');
INSERT INTO `grocery_items` (`item_id`, `list_id`, `name`, `quantity`, `purchase_status`) VALUES (23, 12, 'Item 23', 6, 'Purchased');
INSERT INTO `grocery_items` (`item_id`, `list_id`, `name`, `quantity`, `purchase_status`) VALUES (24, 12, 'Item 24', 10, 'Purchased');
INSERT INTO `grocery_items` (`item_id`, `list_id`, `name`, `quantity`, `purchase_status`) VALUES (25, 13, 'Item 25', 8, 'Pending');
INSERT INTO `grocery_items` (`item_id`, `list_id`, `name`, `quantity`, `purchase_status`) VALUES (26, 13, 'Item 26', 8, 'Pending');
INSERT INTO `grocery_items` (`item_id`, `list_id`, `name`, `quantity`, `purchase_status`) VALUES (27, 14, 'Item 27', 8, 'Purchased');
INSERT INTO `grocery_items` (`item_id`, `list_id`, `name`, `quantity`, `purchase_status`) VALUES (28, 14, 'Item 28', 1, 'Purchased');
INSERT INTO `grocery_items` (`item_id`, `list_id`, `name`, `quantity`, `purchase_status`) VALUES (29, 15, 'Item 29', 6, 'Purchased');
INSERT INTO `grocery_items` (`item_id`, `list_id`, `name`, `quantity`, `purchase_status`) VALUES (30, 15, 'Item 30', 8, 'Purchased');
INSERT INTO `grocery_items` (`item_id`, `list_id`, `name`, `quantity`, `purchase_status`) VALUES (31, 16, 'Item 31', 7, 'Purchased');
INSERT INTO `grocery_items` (`item_id`, `list_id`, `name`, `quantity`, `purchase_status`) VALUES (32, 16, 'Item 32', 2, 'Pending');
INSERT INTO `grocery_items` (`item_id`, `list_id`, `name`, `quantity`, `purchase_status`) VALUES (33, 17, 'Item 33', 2, 'Pending');
INSERT INTO `grocery_items` (`item_id`, `list_id`, `name`, `quantity`, `purchase_status`) VALUES (34, 17, 'Item 34', 9, 'Pending');
INSERT INTO `grocery_items` (`item_id`, `list_id`, `name`, `quantity`, `purchase_status`) VALUES (35, 18, 'Item 35', 9, 'Purchased');
INSERT INTO `grocery_items` (`item_id`, `list_id`, `name`, `quantity`, `purchase_status`) VALUES (36, 18, 'Item 36', 2, 'Pending');
INSERT INTO `grocery_items` (`item_id`, `list_id`, `name`, `quantity`, `purchase_status`) VALUES (37, 19, 'Item 37', 5, 'Pending');
INSERT INTO `grocery_items` (`item_id`, `list_id`, `name`, `quantity`, `purchase_status`) VALUES (38, 19, 'Item 38', 9, 'Pending');
INSERT INTO `grocery_items` (`item_id`, `list_id`, `name`, `quantity`, `purchase_status`) VALUES (39, 20, 'Item 39', 4, 'Pending');
INSERT INTO `grocery_items` (`item_id`, `list_id`, `name`, `quantity`, `purchase_status`) VALUES (40, 20, 'Item 40', 3, 'Pending');
INSERT INTO `grocery_items` (`item_id`, `list_id`, `name`, `quantity`, `purchase_status`) VALUES (41, 21, 'Item 41', 3, 'Purchased');
INSERT INTO `grocery_items` (`item_id`, `list_id`, `name`, `quantity`, `purchase_status`) VALUES (42, 21, 'Item 42', 3, 'Pending');
INSERT INTO `grocery_items` (`item_id`, `list_id`, `name`, `quantity`, `purchase_status`) VALUES (43, 22, 'Item 43', 5, 'Pending');
INSERT INTO `grocery_items` (`item_id`, `list_id`, `name`, `quantity`, `purchase_status`) VALUES (44, 22, 'Item 44', 7, 'Pending');
INSERT INTO `grocery_items` (`item_id`, `list_id`, `name`, `quantity`, `purchase_status`) VALUES (45, 23, 'Item 45', 6, 'Purchased');
INSERT INTO `grocery_items` (`item_id`, `list_id`, `name`, `quantity`, `purchase_status`) VALUES (46, 23, 'Item 46', 5, 'Purchased');
INSERT INTO `grocery_items` (`item_id`, `list_id`, `name`, `quantity`, `purchase_status`) VALUES (47, 24, 'Item 47', 4, 'Purchased');
INSERT INTO `grocery_items` (`item_id`, `list_id`, `name`, `quantity`, `purchase_status`) VALUES (48, 24, 'Item 48', 10, 'Purchased');
INSERT INTO `grocery_items` (`item_id`, `list_id`, `name`, `quantity`, `purchase_status`) VALUES (49, 25, 'Item 49', 4, 'Purchased');
INSERT INTO `grocery_items` (`item_id`, `list_id`, `name`, `quantity`, `purchase_status`) VALUES (50, 25, 'Item 50', 10, 'Pending');
INSERT INTO `grocery_items` (`item_id`, `list_id`, `name`, `quantity`, `purchase_status`) VALUES (51, 26, 'Item 51', 8, 'Pending');
INSERT INTO `grocery_items` (`item_id`, `list_id`, `name`, `quantity`, `purchase_status`) VALUES (52, 26, 'Item 52', 6, 'Purchased');
INSERT INTO `grocery_items` (`item_id`, `list_id`, `name`, `quantity`, `purchase_status`) VALUES (53, 27, 'Item 53', 8, 'Pending');
INSERT INTO `grocery_items` (`item_id`, `list_id`, `name`, `quantity`, `purchase_status`) VALUES (54, 27, 'Item 54', 8, 'Purchased');
INSERT INTO `grocery_items` (`item_id`, `list_id`, `name`, `quantity`, `purchase_status`) VALUES (55, 28, 'Item 55', 10, 'Pending');
INSERT INTO `grocery_items` (`item_id`, `list_id`, `name`, `quantity`, `purchase_status`) VALUES (56, 28, 'Item 56', 8, 'Purchased');
INSERT INTO `grocery_items` (`item_id`, `list_id`, `name`, `quantity`, `purchase_status`) VALUES (57, 29, 'Item 57', 9, 'Purchased');
INSERT INTO `grocery_items` (`item_id`, `list_id`, `name`, `quantity`, `purchase_status`) VALUES (58, 29, 'Item 58', 1, 'Pending');
INSERT INTO `grocery_items` (`item_id`, `list_id`, `name`, `quantity`, `purchase_status`) VALUES (59, 30, 'Item 59', 9, 'Purchased');
INSERT INTO `grocery_items` (`item_id`, `list_id`, `name`, `quantity`, `purchase_status`) VALUES (60, 30, 'Item 60', 3, 'Purchased');
INSERT INTO `grocery_items` (`item_id`, `list_id`, `name`, `quantity`, `purchase_status`) VALUES (61, 31, 'Item 61', 10, 'Purchased');
INSERT INTO `grocery_items` (`item_id`, `list_id`, `name`, `quantity`, `purchase_status`) VALUES (62, 31, 'Item 62', 1, 'Purchased');
INSERT INTO `grocery_items` (`item_id`, `list_id`, `name`, `quantity`, `purchase_status`) VALUES (63, 32, 'Item 63', 5, 'Pending');
INSERT INTO `grocery_items` (`item_id`, `list_id`, `name`, `quantity`, `purchase_status`) VALUES (64, 32, 'Item 64', 3, 'Pending');
INSERT INTO `grocery_items` (`item_id`, `list_id`, `name`, `quantity`, `purchase_status`) VALUES (65, 33, 'Item 65', 9, 'Pending');
INSERT INTO `grocery_items` (`item_id`, `list_id`, `name`, `quantity`, `purchase_status`) VALUES (66, 33, 'Item 66', 5, 'Purchased');
INSERT INTO `grocery_items` (`item_id`, `list_id`, `name`, `quantity`, `purchase_status`) VALUES (67, 34, 'Item 67', 4, 'Purchased');
INSERT INTO `grocery_items` (`item_id`, `list_id`, `name`, `quantity`, `purchase_status`) VALUES (68, 34, 'Item 68', 10, 'Purchased');
INSERT INTO `grocery_items` (`item_id`, `list_id`, `name`, `quantity`, `purchase_status`) VALUES (69, 35, 'Item 69', 1, 'Pending');
INSERT INTO `grocery_items` (`item_id`, `list_id`, `name`, `quantity`, `purchase_status`) VALUES (70, 35, 'Item 70', 10, 'Pending');
INSERT INTO `grocery_items` (`item_id`, `list_id`, `name`, `quantity`, `purchase_status`) VALUES (71, 36, 'Item 71', 1, 'Purchased');
INSERT INTO `grocery_items` (`item_id`, `list_id`, `name`, `quantity`, `purchase_status`) VALUES (72, 36, 'Item 72', 4, 'Purchased');
INSERT INTO `grocery_items` (`item_id`, `list_id`, `name`, `quantity`, `purchase_status`) VALUES (73, 37, 'Item 73', 5, 'Purchased');
INSERT INTO `grocery_items` (`item_id`, `list_id`, `name`, `quantity`, `purchase_status`) VALUES (74, 37, 'Item 74', 7, 'Purchased');
INSERT INTO `grocery_items` (`item_id`, `list_id`, `name`, `quantity`, `purchase_status`) VALUES (75, 38, 'Item 75', 5, 'Pending');
INSERT INTO `grocery_items` (`item_id`, `list_id`, `name`, `quantity`, `purchase_status`) VALUES (76, 38, 'Item 76', 9, 'Pending');
INSERT INTO `grocery_items` (`item_id`, `list_id`, `name`, `quantity`, `purchase_status`) VALUES (77, 39, 'Item 77', 8, 'Pending');
INSERT INTO `grocery_items` (`item_id`, `list_id`, `name`, `quantity`, `purchase_status`) VALUES (78, 39, 'Item 78', 4, 'Purchased');
INSERT INTO `grocery_items` (`item_id`, `list_id`, `name`, `quantity`, `purchase_status`) VALUES (79, 40, 'Item 79', 10, 'Purchased');
INSERT INTO `grocery_items` (`item_id`, `list_id`, `name`, `quantity`, `purchase_status`) VALUES (80, 40, 'Item 80', 10, 'Pending');
INSERT INTO `grocery_items` (`item_id`, `list_id`, `name`, `quantity`, `purchase_status`) VALUES (81, 41, 'Item 81', 4, 'Purchased');
INSERT INTO `grocery_items` (`item_id`, `list_id`, `name`, `quantity`, `purchase_status`) VALUES (82, 41, 'Item 82', 3, 'Pending');
INSERT INTO `grocery_items` (`item_id`, `list_id`, `name`, `quantity`, `purchase_status`) VALUES (83, 42, 'Item 83', 6, 'Pending');
INSERT INTO `grocery_items` (`item_id`, `list_id`, `name`, `quantity`, `purchase_status`) VALUES (84, 42, 'Item 84', 1, 'Purchased');
INSERT INTO `grocery_items` (`item_id`, `list_id`, `name`, `quantity`, `purchase_status`) VALUES (85, 43, 'Item 85', 4, 'Purchased');
INSERT INTO `grocery_items` (`item_id`, `list_id`, `name`, `quantity`, `purchase_status`) VALUES (86, 43, 'Item 86', 10, 'Purchased');
INSERT INTO `grocery_items` (`item_id`, `list_id`, `name`, `quantity`, `purchase_status`) VALUES (87, 44, 'Item 87', 9, 'Purchased');
INSERT INTO `grocery_items` (`item_id`, `list_id`, `name`, `quantity`, `purchase_status`) VALUES (88, 44, 'Item 88', 8, 'Pending');
INSERT INTO `grocery_items` (`item_id`, `list_id`, `name`, `quantity`, `purchase_status`) VALUES (89, 45, 'Item 89', 2, 'Purchased');
INSERT INTO `grocery_items` (`item_id`, `list_id`, `name`, `quantity`, `purchase_status`) VALUES (90, 45, 'Item 90', 9, 'Pending');
INSERT INTO `grocery_items` (`item_id`, `list_id`, `name`, `quantity`, `purchase_status`) VALUES (91, 46, 'Item 91', 5, 'Purchased');
INSERT INTO `grocery_items` (`item_id`, `list_id`, `name`, `quantity`, `purchase_status`) VALUES (92, 46, 'Item 92', 7, 'Pending');
INSERT INTO `grocery_items` (`item_id`, `list_id`, `name`, `quantity`, `purchase_status`) VALUES (93, 47, 'Item 93', 2, 'Pending');
INSERT INTO `grocery_items` (`item_id`, `list_id`, `name`, `quantity`, `purchase_status`) VALUES (94, 47, 'Item 94', 3, 'Purchased');
INSERT INTO `grocery_items` (`item_id`, `list_id`, `name`, `quantity`, `purchase_status`) VALUES (95, 48, 'Item 95', 7, 'Purchased');
INSERT INTO `grocery_items` (`item_id`, `list_id`, `name`, `quantity`, `purchase_status`) VALUES (96, 48, 'Item 96', 2, 'Purchased');
INSERT INTO `grocery_items` (`item_id`, `list_id`, `name`, `quantity`, `purchase_status`) VALUES (97, 49, 'Item 97', 6, 'Purchased');
INSERT INTO `grocery_items` (`item_id`, `list_id`, `name`, `quantity`, `purchase_status`) VALUES (98, 49, 'Item 98', 7, 'Purchased');
INSERT INTO `grocery_items` (`item_id`, `list_id`, `name`, `quantity`, `purchase_status`) VALUES (99, 50, 'Item 99', 8, 'Purchased');
INSERT INTO `grocery_items` (`item_id`, `list_id`, `name`, `quantity`, `purchase_status`) VALUES (100, 50, 'Item 100', 7, 'Purchased');

#
# Dumping data for table 'sleep_logs'
#

INSERT INTO `sleep_logs` (`sleep_id`, `user_id`, `start_time`, `end_time`, `baby_name`) VALUES (1, 119, '2025-04-13 15:28:27.199894', '2025-04-13 20:28:27.199894', 'Baby 1');
INSERT INTO `sleep_logs` (`sleep_id`, `user_id`, `start_time`, `end_time`, `baby_name`) VALUES (2, 108, '2025-04-13 14:28:27.199948', '2025-04-13 21:28:27.199948', 'Baby 2');
INSERT INTO `sleep_logs` (`sleep_id`, `user_id`, `start_time`, `end_time`, `baby_name`) VALUES (3, 40, '2025-04-13 11:28:27.199986', '2025-04-13 17:28:27.199986', 'Baby 3');
INSERT INTO `sleep_logs` (`sleep_id`, `user_id`, `start_time`, `end_time`, `baby_name`) VALUES (4, 8, '2025-04-13 12:28:27.200022', '2025-04-13 19:28:27.200022', 'Baby 4');
INSERT INTO `sleep_logs` (`sleep_id`, `user_id`, `start_time`, `end_time`, `baby_name`) VALUES (5, 140, '2025-04-13 14:28:27.200056', '2025-04-13 20:28:27.200056', 'Baby 5');
INSERT INTO `sleep_logs` (`sleep_id`, `user_id`, `start_time`, `end_time`, `baby_name`) VALUES (6, 1, '2025-04-13 15:28:27.200090', '2025-04-13 20:28:27.200090', 'Baby 6');
INSERT INTO `sleep_logs` (`sleep_id`, `user_id`, `start_time`, `end_time`, `baby_name`) VALUES (7, 64, '2025-04-13 15:28:27.200124', '2025-04-13 22:28:27.200124', 'Baby 7');
INSERT INTO `sleep_logs` (`sleep_id`, `user_id`, `start_time`, `end_time`, `baby_name`) VALUES (8, 89, '2025-04-13 15:28:27.200160', '2025-04-13 20:28:27.200160', 'Baby 8');
INSERT INTO `sleep_logs` (`sleep_id`, `user_id`, `start_time`, `end_time`, `baby_name`) VALUES (9, 30, '2025-04-13 15:28:27.200196', '2025-04-13 23:28:27.200196', 'Baby 9');
INSERT INTO `sleep_logs` (`sleep_id`, `user_id`, `start_time`, `end_time`, `baby_name`) VALUES (10, 63, '2025-04-13 12:28:27.200230', '2025-04-13 19:28:27.200230', 'Baby 10');
INSERT INTO `sleep_logs` (`sleep_id`, `user_id`, `start_time`, `end_time`, `baby_name`) VALUES (11, 4, '2025-04-13 14:28:27.200264', '2025-04-13 19:28:27.200264', 'Baby 11');
INSERT INTO `sleep_logs` (`sleep_id`, `user_id`, `start_time`, `end_time`, `baby_name`) VALUES (12, 115, '2025-04-13 12:28:27.200297', '2025-04-13 20:28:27.200297', 'Baby 12');
INSERT INTO `sleep_logs` (`sleep_id`, `user_id`, `start_time`, `end_time`, `baby_name`) VALUES (13, 39, '2025-04-13 15:28:27.200330', '2025-04-13 22:28:27.200330', 'Baby 13');
INSERT INTO `sleep_logs` (`sleep_id`, `user_id`, `start_time`, `end_time`, `baby_name`) VALUES (14, 33, '2025-04-13 12:28:27.200364', '2025-04-13 18:28:27.200364', 'Baby 14');
INSERT INTO `sleep_logs` (`sleep_id`, `user_id`, `start_time`, `end_time`, `baby_name`) VALUES (15, 193, '2025-04-13 11:28:27.200398', '2025-04-13 18:28:27.200398', 'Baby 15');
INSERT INTO `sleep_logs` (`sleep_id`, `user_id`, `start_time`, `end_time`, `baby_name`) VALUES (16, 32, '2025-04-13 15:28:27.200431', '2025-04-13 20:28:27.200431', 'Baby 16');
INSERT INTO `sleep_logs` (`sleep_id`, `user_id`, `start_time`, `end_time`, `baby_name`) VALUES (17, 31, '2025-04-13 15:28:27.200463', '2025-04-13 23:28:27.200463', 'Baby 17');
INSERT INTO `sleep_logs` (`sleep_id`, `user_id`, `start_time`, `end_time`, `baby_name`) VALUES (18, 2, '2025-04-13 12:28:27.200496', '2025-04-13 19:28:27.200496', 'Baby 18');
INSERT INTO `sleep_logs` (`sleep_id`, `user_id`, `start_time`, `end_time`, `baby_name`) VALUES (19, 158, '2025-04-13 13:28:27.200530', '2025-04-13 20:28:27.200530', 'Baby 19');
INSERT INTO `sleep_logs` (`sleep_id`, `user_id`, `start_time`, `end_time`, `baby_name`) VALUES (20, 25, '2025-04-13 14:28:27.200564', '2025-04-13 20:28:27.200564', 'Baby 20');
INSERT INTO `sleep_logs` (`sleep_id`, `user_id`, `start_time`, `end_time`, `baby_name`) VALUES (21, 75, '2025-04-13 15:28:27.200597', '2025-04-13 22:28:27.200597', 'Baby 21');
INSERT INTO `sleep_logs` (`sleep_id`, `user_id`, `start_time`, `end_time`, `baby_name`) VALUES (22, 119, '2025-04-13 14:28:27.200630', '2025-04-13 19:28:27.200630', 'Baby 22');
INSERT INTO `sleep_logs` (`sleep_id`, `user_id`, `start_time`, `end_time`, `baby_name`) VALUES (23, 94, '2025-04-13 15:28:27.200664', '2025-04-13 23:28:27.200664', 'Baby 23');
INSERT INTO `sleep_logs` (`sleep_id`, `user_id`, `start_time`, `end_time`, `baby_name`) VALUES (24, 65, '2025-04-13 15:28:27.200697', '2025-04-13 23:28:27.200697', 'Baby 24');
INSERT INTO `sleep_logs` (`sleep_id`, `user_id`, `start_time`, `end_time`, `baby_name`) VALUES (25, 173, '2025-04-13 12:28:27.200729', '2025-04-13 17:28:27.200729', 'Baby 25');
INSERT INTO `sleep_logs` (`sleep_id`, `user_id`, `start_time`, `end_time`, `baby_name`) VALUES (26, 92, '2025-04-13 11:28:27.200762', '2025-04-13 17:28:27.200762', 'Baby 26');
INSERT INTO `sleep_logs` (`sleep_id`, `user_id`, `start_time`, `end_time`, `baby_name`) VALUES (27, 42, '2025-04-13 13:28:27.200795', '2025-04-13 19:28:27.200795', 'Baby 27');
INSERT INTO `sleep_logs` (`sleep_id`, `user_id`, `start_time`, `end_time`, `baby_name`) VALUES (28, 168, '2025-04-13 11:28:27.200832', '2025-04-13 16:28:27.200832', 'Baby 28');
INSERT INTO `sleep_logs` (`sleep_id`, `user_id`, `start_time`, `end_time`, `baby_name`) VALUES (29, 149, '2025-04-13 11:28:27.200870', '2025-04-13 18:28:27.200870', 'Baby 29');
INSERT INTO `sleep_logs` (`sleep_id`, `user_id`, `start_time`, `end_time`, `baby_name`) VALUES (30, 54, '2025-04-13 12:28:27.200906', '2025-04-13 20:28:27.200906', 'Baby 30');
INSERT INTO `sleep_logs` (`sleep_id`, `user_id`, `start_time`, `end_time`, `baby_name`) VALUES (31, 113, '2025-04-13 13:28:27.200943', '2025-04-13 19:28:27.200943', 'Baby 31');
INSERT INTO `sleep_logs` (`sleep_id`, `user_id`, `start_time`, `end_time`, `baby_name`) VALUES (32, 198, '2025-04-13 11:28:27.200979', '2025-04-13 19:28:27.200979', 'Baby 32');
INSERT INTO `sleep_logs` (`sleep_id`, `user_id`, `start_time`, `end_time`, `baby_name`) VALUES (33, 87, '2025-04-13 11:28:27.201015', '2025-04-13 16:28:27.201015', 'Baby 33');
INSERT INTO `sleep_logs` (`sleep_id`, `user_id`, `start_time`, `end_time`, `baby_name`) VALUES (34, 150, '2025-04-13 13:28:27.201051', '2025-04-13 21:28:27.201051', 'Baby 34');
INSERT INTO `sleep_logs` (`sleep_id`, `user_id`, `start_time`, `end_time`, `baby_name`) VALUES (35, 129, '2025-04-13 11:28:27.201087', '2025-04-13 17:28:27.201087', 'Baby 35');
INSERT INTO `sleep_logs` (`sleep_id`, `user_id`, `start_time`, `end_time`, `baby_name`) VALUES (36, 137, '2025-04-13 13:28:27.201124', '2025-04-13 19:28:27.201124', 'Baby 36');
INSERT INTO `sleep_logs` (`sleep_id`, `user_id`, `start_time`, `end_time`, `baby_name`) VALUES (37, 103, '2025-04-13 15:28:27.201160', '2025-04-13 20:28:27.201160', 'Baby 37');
INSERT INTO `sleep_logs` (`sleep_id`, `user_id`, `start_time`, `end_time`, `baby_name`) VALUES (38, 119, '2025-04-13 11:28:27.201199', '2025-04-13 16:28:27.201199', 'Baby 38');
INSERT INTO `sleep_logs` (`sleep_id`, `user_id`, `start_time`, `end_time`, `baby_name`) VALUES (39, 162, '2025-04-13 15:28:27.201236', '2025-04-13 23:28:27.201236', 'Baby 39');
INSERT INTO `sleep_logs` (`sleep_id`, `user_id`, `start_time`, `end_time`, `baby_name`) VALUES (40, 112, '2025-04-13 14:28:27.201272', '2025-04-13 20:28:27.201272', 'Baby 40');
INSERT INTO `sleep_logs` (`sleep_id`, `user_id`, `start_time`, `end_time`, `baby_name`) VALUES (41, 3, '2025-04-13 11:28:27.201308', '2025-04-13 17:28:27.201308', 'Baby 41');
INSERT INTO `sleep_logs` (`sleep_id`, `user_id`, `start_time`, `end_time`, `baby_name`) VALUES (42, 27, '2025-04-13 11:28:27.201344', '2025-04-13 16:28:27.201344', 'Baby 42');
INSERT INTO `sleep_logs` (`sleep_id`, `user_id`, `start_time`, `end_time`, `baby_name`) VALUES (43, 79, '2025-04-13 12:28:27.201380', '2025-04-13 20:28:27.201380', 'Baby 43');
INSERT INTO `sleep_logs` (`sleep_id`, `user_id`, `start_time`, `end_time`, `baby_name`) VALUES (44, 154, '2025-04-13 11:28:27.201416', '2025-04-13 19:28:27.201416', 'Baby 44');
INSERT INTO `sleep_logs` (`sleep_id`, `user_id`, `start_time`, `end_time`, `baby_name`) VALUES (45, 32, '2025-04-13 13:28:27.201451', '2025-04-13 19:28:27.201451', 'Baby 45');
INSERT INTO `sleep_logs` (`sleep_id`, `user_id`, `start_time`, `end_time`, `baby_name`) VALUES (46, 162, '2025-04-13 15:28:27.201487', '2025-04-13 22:28:27.201487', 'Baby 46');
INSERT INTO `sleep_logs` (`sleep_id`, `user_id`, `start_time`, `end_time`, `baby_name`) VALUES (47, 195, '2025-04-13 13:28:27.201523', '2025-04-13 18:28:27.201523', 'Baby 47');
INSERT INTO `sleep_logs` (`sleep_id`, `user_id`, `start_time`, `end_time`, `baby_name`) VALUES (48, 127, '2025-04-13 12:28:27.201558', '2025-04-13 19:28:27.201558', 'Baby 48');
INSERT INTO `sleep_logs` (`sleep_id`, `user_id`, `start_time`, `end_time`, `baby_name`) VALUES (49, 96, '2025-04-13 15:28:27.201741', '2025-04-13 23:28:27.201741', 'Baby 49');
INSERT INTO `sleep_logs` (`sleep_id`, `user_id`, `start_time`, `end_time`, `baby_name`) VALUES (50, 152, '2025-04-13 13:28:27.201785', '2025-04-13 19:28:27.201785', 'Baby 50');

#
# Dumping data for table 'reports'
#

INSERT INTO `reports` (`report_id`, `user_id`, `created_at`, `data`) VALUES (1, 16, '2023-02-26', 'Report data 1 for user 16');
INSERT INTO `reports` (`report_id`, `user_id`, `created_at`, `data`) VALUES (2, 45, '2025-06-13', 'Report data 2 for user 45');
INSERT INTO `reports` (`report_id`, `user_id`, `created_at`, `data`) VALUES (3, 24, '2023-12-11', 'Report data 3 for user 24');
INSERT INTO `reports` (`report_id`, `user_id`, `created_at`, `data`) VALUES (4, 68, '2024-10-14', 'Report data 4 for user 68');
INSERT INTO `reports` (`report_id`, `user_id`, `created_at`, `data`) VALUES (5, 199, '2024-07-20', 'Report data 5 for user 199');
INSERT INTO `reports` (`report_id`, `user_id`, `created_at`, `data`) VALUES (6, 86, '2025-10-27', 'Report data 6 for user 86');
INSERT INTO `reports` (`report_id`, `user_id`, `created_at`, `data`) VALUES (7, 110, '2023-04-20', 'Report data 7 for user 110');
INSERT INTO `reports` (`report_id`, `user_id`, `created_at`, `data`) VALUES (8, 70, '2023-07-25', 'Report data 8 for user 70');
INSERT INTO `reports` (`report_id`, `user_id`, `created_at`, `data`) VALUES (9, 11, '2023-09-17', 'Report data 9 for user 11');
INSERT INTO `reports` (`report_id`, `user_id`, `created_at`, `data`) VALUES (10, 60, '2024-02-09', 'Report data 10 for user 60');
INSERT INTO `reports` (`report_id`, `user_id`, `created_at`, `data`) VALUES (11, 80, '2025-04-19', 'Report data 11 for user 80');
INSERT INTO `reports` (`report_id`, `user_id`, `created_at`, `data`) VALUES (12, 166, '2025-06-15', 'Report data 12 for user 166');
INSERT INTO `reports` (`report_id`, `user_id`, `created_at`, `data`) VALUES (13, 2, '2025-12-24', 'Report data 13 for user 2');
INSERT INTO `reports` (`report_id`, `user_id`, `created_at`, `data`) VALUES (14, 173, '2023-09-05', 'Report data 14 for user 173');
INSERT INTO `reports` (`report_id`, `user_id`, `created_at`, `data`) VALUES (15, 79, '2025-08-28', 'Report data 15 for user 79');
INSERT INTO `reports` (`report_id`, `user_id`, `created_at`, `data`) VALUES (16, 18, '2025-02-20', 'Report data 16 for user 18');
INSERT INTO `reports` (`report_id`, `user_id`, `created_at`, `data`) VALUES (17, 6, '2023-05-22', 'Report data 17 for user 6');
INSERT INTO `reports` (`report_id`, `user_id`, `created_at`, `data`) VALUES (18, 154, '2023-02-26', 'Report data 18 for user 154');
INSERT INTO `reports` (`report_id`, `user_id`, `created_at`, `data`) VALUES (19, 62, '2024-11-16', 'Report data 19 for user 62');
INSERT INTO `reports` (`report_id`, `user_id`, `created_at`, `data`) VALUES (20, 104, '2025-08-21', 'Report data 20 for user 104');
INSERT INTO `reports` (`report_id`, `user_id`, `created_at`, `data`) VALUES (21, 165, '2023-05-16', 'Report data 21 for user 165');
INSERT INTO `reports` (`report_id`, `user_id`, `created_at`, `data`) VALUES (22, 105, '2023-07-12', 'Report data 22 for user 105');
INSERT INTO `reports` (`report_id`, `user_id`, `created_at`, `data`) VALUES (23, 125, '2023-12-20', 'Report data 23 for user 125');
INSERT INTO `reports` (`report_id`, `user_id`, `created_at`, `data`) VALUES (24, 18, '2024-12-18', 'Report data 24 for user 18');
INSERT INTO `reports` (`report_id`, `user_id`, `created_at`, `data`) VALUES (25, 135, '2025-01-12', 'Report data 25 for user 135');
INSERT INTO `reports` (`report_id`, `user_id`, `created_at`, `data`) VALUES (26, 130, '2024-01-18', 'Report data 26 for user 130');
INSERT INTO `reports` (`report_id`, `user_id`, `created_at`, `data`) VALUES (27, 135, '2023-10-17', 'Report data 27 for user 135');
INSERT INTO `reports` (`report_id`, `user_id`, `created_at`, `data`) VALUES (28, 96, '2025-12-16', 'Report data 28 for user 96');
INSERT INTO `reports` (`report_id`, `user_id`, `created_at`, `data`) VALUES (29, 60, '2024-04-08', 'Report data 29 for user 60');
INSERT INTO `reports` (`report_id`, `user_id`, `created_at`, `data`) VALUES (30, 2, '2024-12-15', 'Report data 30 for user 2');
INSERT INTO `reports` (`report_id`, `user_id`, `created_at`, `data`) VALUES (31, 166, '2024-02-02', 'Report data 31 for user 166');
INSERT INTO `reports` (`report_id`, `user_id`, `created_at`, `data`) VALUES (32, 51, '2023-07-04', 'Report data 32 for user 51');
INSERT INTO `reports` (`report_id`, `user_id`, `created_at`, `data`) VALUES (33, 101, '2025-04-21', 'Report data 33 for user 101');
INSERT INTO `reports` (`report_id`, `user_id`, `created_at`, `data`) VALUES (34, 94, '2024-05-28', 'Report data 34 for user 94');
INSERT INTO `reports` (`report_id`, `user_id`, `created_at`, `data`) VALUES (35, 32, '2023-02-04', 'Report data 35 for user 32');
INSERT INTO `reports` (`report_id`, `user_id`, `created_at`, `data`) VALUES (36, 102, '2025-05-21', 'Report data 36 for user 102');
INSERT INTO `reports` (`report_id`, `user_id`, `created_at`, `data`) VALUES (37, 113, '2023-02-18', 'Report data 37 for user 113');
INSERT INTO `reports` (`report_id`, `user_id`, `created_at`, `data`) VALUES (38, 73, '2023-08-18', 'Report data 38 for user 73');
INSERT INTO `reports` (`report_id`, `user_id`, `created_at`, `data`) VALUES (39, 108, '2025-05-20', 'Report data 39 for user 108');
INSERT INTO `reports` (`report_id`, `user_id`, `created_at`, `data`) VALUES (40, 139, '2024-02-08', 'Report data 40 for user 139');
INSERT INTO `reports` (`report_id`, `user_id`, `created_at`, `data`) VALUES (41, 159, '2024-06-23', 'Report data 41 for user 159');
INSERT INTO `reports` (`report_id`, `user_id`, `created_at`, `data`) VALUES (42, 5, '2024-06-30', 'Report data 42 for user 5');
INSERT INTO `reports` (`report_id`, `user_id`, `created_at`, `data`) VALUES (43, 114, '2025-10-24', 'Report data 43 for user 114');
INSERT INTO `reports` (`report_id`, `user_id`, `created_at`, `data`) VALUES (44, 194, '2023-09-10', 'Report data 44 for user 194');
INSERT INTO `reports` (`report_id`, `user_id`, `created_at`, `data`) VALUES (45, 132, '2023-09-23', 'Report data 45 for user 132');
INSERT INTO `reports` (`report_id`, `user_id`, `created_at`, `data`) VALUES (46, 10, '2024-04-04', 'Report data 46 for user 10');
INSERT INTO `reports` (`report_id`, `user_id`, `created_at`, `data`) VALUES (47, 15, '2024-03-24', 'Report data 47 for user 15');
INSERT INTO `reports` (`report_id`, `user_id`, `created_at`, `data`) VALUES (48, 177, '2024-04-29', 'Report data 48 for user 177');
INSERT INTO `reports` (`report_id`, `user_id`, `created_at`, `data`) VALUES (49, 47, '2025-04-08', 'Report data 49 for user 47');
INSERT INTO `reports` (`report_id`, `user_id`, `created_at`, `data`) VALUES (50, 3, '2024-10-23', 'Report data 50 for user 3');


SET FOREIGN_KEY_CHECKS=@OLD_FOREIGN_KEY_CHECKS;
SET UNIQUE_CHECKS=@OLD_UNIQUE_CHECKS;